id,sequence,desc,desc_nodup,taxid,rank,name
sp|P26683|SIGA_NOSS1,MNQANNVLDSIYQPDLEIMNQPEIELDDLLIEEDEDLLLADDGDIDEFLEPQTDEDDAKSGKAAKSRRRTQSKKKHYTEDSIRLYLQEIGRIRLLRADEEIELARKIADLLELERVRERLSEKLERDPRDSEWAEAVQLPLPAFRYRLHIGRRAKDKMVQSNLRLVVSIAKKYMNRGLSFQDLIQEGSLGLIRAAEKFDHEKGYKFSTYATWWIRQAITRAIADQSRTIRLPVHLYETISRIKKTTKLLSQEMGRKPTEEEIATRMEMTIEKLRFIAKSAQLPISLETPIGKEEDSRLGDFIESDGETPEDQVSKNLLREDLEKVLDSLSPRERDVLRLRYGLDDGRMKTLEEIGQIFNVTRERIRQIEAKALRKLRHPNRNSVLKEYIR,"Coil|Major sigma-70 factor signature|RNA POLYMERASE SIGMA FACTOR RPO|RNA Polymerase Primary Sigma Factor|RNA polymerase sigma factor RpoD|RNA polymerase sigma factor RpoD [rpoD].|RNA polymerase sigma factor RpoD, C-terminal|RNA polymerase sigma factor SigA|RNA polymerase sigma factor, RpoD/SigA family|RNA polymerase sigma factor, RpoD/SigA, cyanobacteria|RNA polymerase sigma factor, region 2|RNA polymerase sigma factor, region 3/4-like|RNA polymerase sigma-70|RNA polymerase sigma-70 region 1.2|RNA polymerase sigma-70 region 2|RNA polymerase sigma-70 region 3|RNA polymerase sigma-70 region 4|RNA polymerase sigma-70-like domain|Sigma-70 factor family, RNA polymerase initiation factors|Sigma-70 factor, region 1.2|Sigma-70 factors family signature 1.|Sigma-70 factors family signature 2.|Sigma-70 region 2|Sigma-70 region 3|Sigma-70, region 4|Sigma2 domain of RNA polymerase sigma factors|Sigma3 and sigma4 domains of RNA polymerase sigma factors|Sigma70_r4|Winged helix-like DNA-binding domain superfamily|consensus disorder prediction|sigma-70 family RNA polymerase sigma factor","Sigma-70 factor family, RNA polymerase initiation factors|Sigma3 and sigma4 domains of RNA polymerase sigma factors|RNA polymerase sigma factor, RpoD/SigA, cyanobacteria|Winged helix-like DNA-binding domain superfamily|RNA polymerase sigma factor, RpoD/SigA family|RNA polymerase sigma factor, region 3/4-like|Sigma-70 factors family signature 1.|RNA Polymerase Primary Sigma Factor|RNA polymerase sigma-70-like domain|RNA polymerase sigma-70 region 3|RNA POLYMERASE SIGMA FACTOR RPO|consensus disorder prediction|Sigma-70 factor, region 1.2|Sigma-70, region 4|Sigma70_r4|Coil",8499,genus,Trichormus
VFG007156,MAYQASDLMADVIALVEQRWVSSEEIWKIATSMELVAIEQKIDFFRELHKLIRHIPVDVFADDEQRQNLIQAAQKALDEAIDLEEEEAWDDELD,Coil|TyeA|TyeA family type III secretion system gatekeeper subunit|TyeA superfamily|Type III secretion system domain|Type III secretion system effector delivery regulator TyeA|Type III secretion system effector delivery regulator TyeA-related,Type III secretion system effector delivery regulator TyeA-related|TyeA family type III secretion system gatekeeper subunit|Type III secretion system domain|TyeA superfamily|Coil|TyeA,59,species,Vibrio parahaemolyticus
VFG007971,MAFTRIHSFLASAGNTSMYKRVWRFWYPLMTHKLGTDEIMFINWAYEEDPPMALPLEASDEPNRAHINLYHRTATQVNLSGKRILEVSCGHGGGASYLTRALHPASYTGLDLNPAGIKLCQKRHQLPGLEFVRGDAENLPFDNESFDVVINIEASHCYPHFPRFLAEVVRVLRPGGHLAYADLRPSNKVGEWEVDFANSRLQQLSQREINAEVLRGIASNSQKSRDLVDRHLPAFLRFAGREFIGVQGTQLSRYLEGGELSYRMYSFAKD,AdoMet_MTases|METHYLTRANSFERASE|Methyltransferase Superfamily|Methyltransferase domain|Methyltransferase type 11|Phthiotriol/phenolphthiotriol dimycocerosates methyltransferase|S-adenosyl-L-methionine-dependent methyltransferase superfamily|S-adenosyl-L-methionine-dependent methyltransferases|Vaccinia Virus protein VP39|phthiotriol/phenolphthiotriol dimycocerosates methyltransferase,Phthiotriol/phenolphthiotriol dimycocerosates methyltransferase|S-adenosyl-L-methionine-dependent methyltransferase superfamily|Methyltransferase Superfamily|Vaccinia Virus protein VP39|Methyltransferase type 11|Methyltransferase domain|AdoMet_MTases,16018,species,Mycobacterium leprae
VFG042011,MAGVPKPNTTNTTSTTSTFQSFANGVDDAASRTGFQAQYQAITAQGQQDMLDAAKMQNALNRTQMLAKLMEAGPKAAKDLIS,,,384,species,Ralstonia nicotianae
VFG010431,MTSRRRKLIALAAAAAALAAVAIGVVGHYVKARLDTMTVTAQFDSAAGLYEGNVVAVLGMPVGKVSKVTSKGSYVEAELTVDKKVKIPAAVRAVTISTSILTDRQVELTPPYRGGPVLKNHDTIGLTRTKTPVAFDRVLDMLDKVSKSLKGDGKGGGPIADVSDAAVAITDGNGKKILAALDELSKALRLSSERGVTTREQLTTIITDLSSITEAAARNDAKVREFGSTTRQLSQILADEKFGTGATGRTINRILEEVTTLMENNRDNLKQAVRNGDTAAKTLVDDQRGVAELLDVLPLTLENLYNTVDQNNGAIRVHGLLDKALTDSQSAKELCNLMHLRQLGCSTGTLQDYGPDFGLTYILDGLSAMGQ,"Coil|INTERMEMBRANE PHOSPHOLIPID TRANSPORT SYSTEM BINDING PROTEIN MLAD-RELATED|MCE family protein|Mce/MlaD|MlaD Inter-membrane Phospholipid Transporter|MlaD protein|TonB box, conserved site|TonB-dependent receptor (TBDR) proteins signature 1.|Twin arginine translocation (Tat) signal profile.|Twin-arginine translocation pathway, signal sequence|Virulence factor Mce protein","INTERMEMBRANE PHOSPHOLIPID TRANSPORT SYSTEM BINDING PROTEIN MLAD-RELATED|TonB-dependent receptor (TBDR) proteins signature 1.|Twin-arginine translocation pathway, signal sequence|Twin arginine translocation (Tat) signal profile.|Virulence factor Mce protein|TonB box, conserved site|MCE family protein|MlaD protein|Mce/MlaD|Coil",340,species,Mycobacterium avium
VFG041305,MQEKIINLGKGLKKVNEGIKKHISRAEEFLYLANQWEKENIKINDLLNGVQFTVNDKKMSGQEIKEELSNLIERYNNFLKKNLKGERSETLELKEIQQQLTNLYNAVNDIYTYLSINKTEFFLEAIKSCYKKDQRMGSTIQFVLKIADHLSKERLQFNLNLNSQFAEASESFQEVTTKFYREVATPRIESAQKLLELMNNFVDQYISQGASPEDAIKKLKPFEKYFTIEISHYEEFGHLVYKTNFNCNPALFDVNPIEFLNELFVQFYKDTTLSSRSKTALKQVLDKFEITYEVPKTWYGYIGWDIPIVTDKNSVLVTYDKQAYYRYHQESGQREMEFFETIERCLDKSKDIIIATKKENLKDQKEFSKLIDKAIKELEETKKKRIFQKEPHELVTSIINKSIKLLQDLKNNMPLRREDLVMVILSTENALNAAKSKLKPQEINLSEPEKCIKNFKKILAIKQKEELCFYKSDEEQSIFSKHINSELRELVESYQVQKRSEKELVIEPEKMNSPQRIEPKEEDKKIDLNKKMNLYRVQKIMKNFVFEYCGYKGGKKVKEGGATIEELKNKLKDFRDYFQIEIVMNDKSGSEELNIIFNYQNIKNKNPHDLFNELFKKFTEDIGYSGMGSRSIEALKRALAKNNITYTNGYYGKTATLTSLLWSKEPPVITDEKNIFKLSDEKHLSENKEDIRGKGITNI,Coil,Coil,127,genus,Legionella
gi|15610113|ref|NP_217492.1|,MTARPLSELVERGWAAALEPVADQVAHMGQFLRAEIAAGRRYLPAGSNVLRAFTFPFDNVRVLIVGQDPYPTPGHAVGLSFSVAPDVRPWPRSLANIFDEYTADLGYPLPSNGDLTPWAQRGVLLLNRVLTVRPSNPASHRGKGWEAVTECAIRALAARAAPLVAILWGRDASTLKPMLAAGNCVAIESPHPSPLSASRGFFGSRPFSRANELLVGMGAEPIDWRLP,"UDG-F1-like|UDG_2|UDG_2_a|URACIL-DNA GLYCOSYLASE|Uracil DNA glycosylase superfamily|Uracil-DNA glycosylase|Uracil-DNA glycosylase [ung].|Uracil-DNA glycosylase family 1|Uracil-DNA glycosylase signature.|Uracil-DNA glycosylase, active site|Uracil-DNA glycosylase-like|Uracil-DNA glycosylase-like domain superfamily|uracil-DNA glycosylase",Uracil-DNA glycosylase-like domain superfamily|Uracil-DNA glycosylase [ung].|UDG-F1-like|UDG_2_a,35,species,Mycobacterium tuberculosis
VFG042877,MRSSLSLVAVLVLLSGCRANTEPMEGFIRQVESEARQEMAKLQPEREYIPIDYLARENRRPFELPKEAVIASQPVVKKDCWQPPSRAKNGKLERYPLSQLRLKGVMGSGNTIAGLVQTPQGKVEKVHPGQFIGQNNGKVTVVTPSYILINETLPDGLGCWQQRKVRLALR,"PilP_PilQ|Pilus assembly protein, PilP|Prokaryotic membrane lipoprotein lipid attachment site profile.|Type IV pilus inner membrane component PilP","Prokaryotic membrane lipoprotein lipid attachment site profile.|Type IV pilus inner membrane component PilP|Pilus assembly protein, PilP|PilP_PilQ",510,species,Vibrio vulnificus B
sp|Q6NCE6|RL32_RHOPA,MAVPRRKTSPSRRGMRRSADAIKRPTYVEDKDSGELRRPHHLDLKTGMYKGRQVLKKKDS,"50S RIBOSOMAL PROTEIN L32|50S ribosomal protein L32|Large ribosomal subunit protein bL32|Large ribosomal subunit protein bL32 [rpmF].|Large ribosomal subunit protein bL32, bacterial type|Ribosomal L32p protein family|Single helix bin|Zinc-binding ribosomal protein|Zn-binding ribosomal proteins|consensus disorder prediction","Large ribosomal subunit protein bL32, bacterial type|Large ribosomal subunit protein bL32 [rpmF].|Zinc-binding ribosomal protein|Ribosomal L32p protein family|consensus disorder prediction|50S RIBOSOMAL PROTEIN L32|Single helix bin",7556,genus,Rhodopseudomonas
sp|E9RGS4|SECF_VIBAL,MFQILKAEKTIGFMRWSKVAFVFSIFMIAASIFTLSTKWLNWGLDFTGGTLIEVGFEKPANLEKIRTALDAKGFGDATVQNFGSAREVMVRLRPRDDVSGETLGNQIIGAIKDGTGESVEMRRIEFVGPNVGDELTEAGGLAILVSLICILLYVSMRFEWRLAAGAVMALAHDIIITLGVFSFLQIEVDLTIVAALLTVVGYSLNDTIVVFDRIRENFRKMRKGEPADIMDASITQTLSRTLITSGTTLFVVIALFMQGGAMIHGFATALLLGITVGTYSSIYVASALALKLGIQKEHLMPPQVEKEGAEFDEMP,"Bacterial translocase SecF protein signature|Multidrug efflux transporter AcrB transmembrane domain|PROTEIN-EXPORT MEMBRANE PROTEIN SEC|Protein export membrane protein SecD/SecF, C-terminal|Protein-export membrane protein SecD/SecF, C-terminal, bacterial|Protein-export membrane protein SecD/SecF, archaeal and bacterial|Protein-export membrane protein SecD/SecF, bacterial|Protein-export membrane protein SecD/SecF/SecDF, conserved site|Protein-export membrane protein SecF|Protein-export membrane protein SecF [secF].|Protein-export membrane protein SecF, bacterial|SecD/SecF GG Motif|SecD/SecF family protein translocase subunit|protein translocase subunit SecF","Protein-export membrane protein SecD/SecF, archaeal and bacterial|Protein-export membrane protein SecD/SecF/SecDF, conserved site|Multidrug efflux transporter AcrB transmembrane domain|Bacterial translocase SecF protein signature|SecD/SecF family protein translocase subunit|SecD/SecF GG Motif",670,species,Vibrio diabolicus
sp|O87943|BSSA_THAAR,MSDVQTLEYKGKVVQFAPENPREAEIPADELHEHLQNPSTERTRRLKARCRWKHAAAGEFCEKGVTAGIERMRLLTESHWATRGEPEPIRRAHGLKNILDKSTLVLQTDEFIVGYHAEDPNMFPLYPELSYMAVQDYLKSKYSPQPAKEAQEIVDYWKPFSLQARCEPYFDPVDLHRGYQVSTIEGPVFATGYNSVIPPYETVLEDGLQARIALAEEKIEHARAEMEKFPWHAPSGLEWIDKIDNWKAMVIACKAVIAWARRHARLCKIVAEHFETDPKRKAELLEIADICQRMPAEPARGLKDAMQSKWFTFLICHAIERYASGFAQKEDSLLWPYYKASVIDKTFQPMEHKDAVELIEMERLKVSEHGAGKSRAYREIFPGSNDLFILTLGGTNGDGSDACNDMTDAILEATKRIRTTEPSIVFRYSKKNRAKTLRWVFECIRDGLGYPSIKHNELGVQQMLEMAKYSRNGNGATPEEAHYWVNVLCMAPGLAGRRKAQKTRSEGGSAIFPAKLLEITLNNGYDWSYADMQMGPETGYAKDFATFDQLWEAFRKQYQYAIALAIRCKDVSRTMECRFLQMPFVSALDDGCMELGMDANALSEQPNGWHNPITSIVAGNSLVAIKKLIYDEKKYTMAQLMDALQANWEGYEEMRRDFKNAPKWGNDDDDADVLISRFYEEILGGEMMKNINYSGGPVKPTGQAVGLYMEVGSRTGPTPDGRFGGEAADDGGISPYSGTDKKGPTAVLRSVSKVQKNQKANLLNQRLSVPIMRSKHGFDIWHAYMDTWHDLNIDHVQFNVVSTEEMKAAQREPEKHQDLIVRVSGFSARFVDIPTYGQNTIIARNEQNFNAQDLEFLNVEL,Coil|FORMATE ACETYLTRANSFERASE 3-RELATED|Glycine radical|Glycine radical domain|Glycine radical domain profile.|Glycyl Radical Enzyme|PFL-like glycyl radical enzymes|PFL2_DhaB_BssA|Pyruvate formate lyase domain|Pyruvate formate lyase-like|Pyruvate formate-lyase domain profile.|consensus disorder prediction,Pyruvate formate-lyase domain profile.|FORMATE ACETYLTRANSFERASE 3-RELATED|Glycine radical domain profile.|PFL-like glycyl radical enzymes|consensus disorder prediction|Glycyl Radical Enzyme|Glycine radical|PFL2_DhaB_BssA|Coil,2,superkingdom,Bacteria
sp|Q5SHP2|RS19_THET8,MPRSLKKGVFVDDHLLEKVLELNAKGEKRLIKTWSRRSTIVPEMVGHTIAVYNGKQHVPVYITENMVGHKLGEFAPTRTYRGHGKEAKATKKK,"30S ribosomal protein S19|30s Ribosomal Protein S19; Chain A|RIBOSOMAL PROTEIN S19P FAMILY MEMBER|RPS19p_RPS19a_RPS15e_RPS19o|Ribosomal protein S19|Ribosomal protein S19 family signature|Ribosomal protein S19 signature.|Small ribosomal subunit protein uS19|Small ribosomal subunit protein uS19 [rpsS].|Small ribosomal subunit protein uS19, bacterial-type|Small ribosomal subunit protein uS19, conserved site|Small ribosomal subunit protein uS19, superfamily","Small ribosomal subunit protein uS19, bacterial-type|Small ribosomal subunit protein uS19 [rpsS].|Ribosomal protein S19 family signature|30s Ribosomal Protein S19; Chain A|RPS19p_RPS19a_RPS15e_RPS19o",1917,genus,Thermus
sp|P40011|RRAAH_YEAST,MSDLQKLQRFSTCDISDGLLNVYNIPTGGYFPNLTAISPPQNSSIVGTAYTVLFAPIDDPRPAVNYIDSVPPNSILVLALEPHLQSQFHPFIKITQAMYGGLMSTRAQYLKSNGTVVFGRIRDVDEHRTLNHPVFAYGVGSCAPKAVVKAVGTNVQLKILTSDGVTQTICPGDYIAGDNNGIVRIPVQETDISKLVTYIEKSIEVDLLVSEDIKNGIPAKQAQNDRRSVLKKYI,4-HYDROXY-4-METHYL-2-OXOGLUTARATE ALDOLASE 3-RELATED|4-hydroxy-4-methyl-2-oxoglutarate aldolase|Aldolase/RraA|Ribonuclease E inhibitor RraA/RraA-like protein|Ribonuclease E inhibitor RraA/RraA-like superfamily|RraA-like|RraA_family,4-HYDROXY-4-METHYL-2-OXOGLUTARATE ALDOLASE 3-RELATED|Ribonuclease E inhibitor RraA/RraA-like superfamily|Aldolase/RraA|RraA_family|RraA-like,1,no rank,root
sp|P25377|ADH7_YEAST,MLYPEKFQGIGISNAKDWKHPKLVSFDPKPFGDHDVDVEIEACGICGSDFHIAVGNWGPVPENQILGHEIIGRVVKVGSKCHTGVKIGDRVGVGAQALACFECERCKSDNEQYCTNDHVLTMWTPYKDGYISQGGFASHVRLHEHFAIQIPENIPSPLAAPLLCGGITVFSPLLRNGCGPGKRVGIVGIGGIGHMGILLAKAMGAEVYAFSRGHSKREDSMKLGADHYIAMLEDKGWTEQYSNALDLLVVCSSSLSKVNFDSIVKIMKIGGSIVSIAAPEVNEKLVLKPLGLMGVSISSSAIGSRKEIEQLLKLVSEKNVKIWVEKLPISEEGVSHAFTRMESGDVKYRFTLVDYDKKFHK,"ALDEHYDE REDUCTASE|Alcohol dehydrogenase GroES-like domain|Alcohol dehydrogenase, zinc-type, conserved site|Alcohol dehydrogenase-like, C-terminal|Alcohol dehydrogenase-like, N-terminal|CAD1|Cinnamyl alcohol dehydrogenase-like|D-isomer specific 2-hydroxyacid dehydrogenase, NAD-binding domain conserved site 1|D-isomer specific 2-hydroxyacid dehydrogenases NAD-binding signature.|Enoylreductase domain|GroES-like|GroES-like superfamily|NAD(P)-binding Rossmann-fold domains|NAD(P)-binding domain superfamily|PKS_ER_names_mod|Zinc-binding alcohol dehydrogenase|Zinc-binding dehydrogenase|Zinc-containing alcohol dehydrogenases signature.","D-isomer specific 2-hydroxyacid dehydrogenase, NAD-binding domain conserved site 1|Zinc-containing alcohol dehydrogenases signature.|Alcohol dehydrogenase, zinc-type, conserved site|Alcohol dehydrogenase GroES-like domain|Alcohol dehydrogenase-like, C-terminal|NAD(P)-binding Rossmann-fold domains|Cinnamyl alcohol dehydrogenase-like|NAD(P)-binding domain superfamily|Zinc-binding dehydrogenase|GroES-like superfamily|Enoylreductase domain|ALDEHYDE REDUCTASE|PKS_ER_names_mod|GroES-like|CAD1",1,no rank,root
VFG006137,MDSRLRGNDGGAVSVFSDKFLKLKISSFPQKQKTKNSNLKFVILLAEGQKSAVTEYYLNHGTWPSNNSDAGVASTATDIKGKYVKEVKVEKGVITATMLSSGVNNEIKGKKLSLWAKRQAGSVKWFCGQPVERAANNAANDAVTAATANGNGKIDTKHLPSTCRDAASAVCIETPPTAFYKNT,"Fimbrial protein pilin|Glycoprotein, Type 4 Pilin|Pili subunits|Pilin (bacterial filament)|Pilin-like","Glycoprotein, Type 4 Pilin|Pilin (bacterial filament)|Fimbrial protein pilin|Pili subunits|Pilin-like",84,species,Neisseria gonorrhoeae
VFG015305,MSSPVLERSKSAPALLTAAQRTMLAQVGACNAHLTSDENMAINELRSHKPLLPKDTWFFTDPNKDPDDVVTYTLGKQLQAEGFVHITDVVATLGDAEVRSQRAEMAKGVFNKLELHDVHVSRGRDYAMNSLQSKEHAKFLLEGHALRAGPGEIHRDSLQDMSRRLARAPHGVGIVVIAGMSDINALITTCPDMVRERVDDITIMGGVEPLKDADGFVQPDARAYNNATDMDAARSLYRKAQELGIPLRIVTKEAAYKTAVSPSFYEGIAGSGHPVGHYLRDVQKSALKGLWEGIQAGLLPGLDDSWFFRTFMPNAQIEAAQLDKNKESSFEDIWPKVTKLNLYDPLTLLASVPGAAKLLFKPKAIHTEGFGVVEQVGPDDVTHPEKAKLLMSALAKSALVQSTVAPD,Nucleoside hydrolase|Ribonucleoside hydrolase-like|type III secretion system effector XopQ,type III secretion system effector XopQ|Ribonucleoside hydrolase-like|Nucleoside hydrolase,35148,species,Pseudomonas E syringae P
VFG007424,MAKSEDERLAEEWAAALGEDPNAPDIDVDEILAAPLEELKNTAPPITDDERRKLDTIMDIPVTISMEVGRSKISIRNLLQLNQGSVVELDRIAGESLDVMVNGTLIAHGEVVVVNDKFGIRLTDVISQTERIKKLR,"Flagellar motor switch FliN|Flagellar motor switch FliN/Type III secretion HrcQb|Flagellar motor switch protein FliN|Flagellar motor switch protein FliN signature|Flagellar motor switch protein FliN-like, C-terminal domain|Flagellar motor switch protein FliN/MopA/SpaO|SpoA-like superfamily|Surface presentation of antigens (SPOA)|Type III flagellar switch regulator (C-ring) FliN C-term|consensus disorder prediction|flagellar motor switch protein FliN","Flagellar motor switch protein FliN-like, C-terminal domain|Type III flagellar switch regulator (C-ring) FliN C-term|Flagellar motor switch FliN/Type III secretion HrcQb|Flagellar motor switch protein FliN/MopA/SpaO|Surface presentation of antigens (SPOA)|consensus disorder prediction|SpoA-like superfamily",5803,species,Vibrio tarriae
sp|A0A2I1BSW8|NVFC_ASPN1,MGSLHDYVLIITGSASGIGLATATIALDEGARVLGVDISSPPRSLIDHSNFKFVEGNLSLEPTPRRVVEACVKAFGGRIDGLLNIAGVMDLNQSVDSLSDTMWESCIAINLTAPVKLMREVIPIMRQQKSGSIVNVASKAALSGAVSGVAYTASKHGLVGATKNVAWRFKQENIRCNAVCPGAVDGTSIHRGLETSQFDSEALGTMSLIHEAHMRDRERGIHIQPEDIARSLLFLVSSRSNGINGAIIPIDNAWSTI,DIHYDROANTICAPSIN 7-DEHYDROGENASE|Glucose/ribitol dehydrogenase family signature|NAD(P)-binding Rossmann-fold domains|NAD(P)-binding domain superfamily|SDR DHRS6-like|SDR_c|Short-chain dehydrogenase reductase|Short-chain dehydrogenase/reductase (SDR) superfamily signature|Short-chain dehydrogenase/reductase SDR|short chain dehydrogenase,Short-chain dehydrogenase/reductase (SDR) superfamily signature|Glucose/ribitol dehydrogenase family signature|NAD(P)-binding Rossmann-fold domains|Short-chain dehydrogenase reductase|DIHYDROANTICAPSIN 7-DEHYDROGENASE|NAD(P)-binding domain superfamily|short chain dehydrogenase|SDR DHRS6-like|SDR_c,2,superkingdom,Bacteria
sp|P25971|PYRF_BACSU,MKNNLPIIALDFASAEETLAFLAPFQQEPLFVKVGMELFYQEGPSIVKQLKERNCELFLDLKLHDIPTTVNKAMKRLASLGVDLVNVHAAGGKKMMQAALEGLEEGTPAGKKRPSLIAVTQLTSTSEQIMKDELLIEKSLIDTVVHYSKQAEESGLDGVVCSVHEAKAIYQAVSPSFLTVTPGIRMSEDAANDQVRVATPAIAREKGSSAIVVGRSITKAEDPVKAYKAVRLEWEGIKS,"Aldolase class I|Aldolase-type TIM barrel|OMP_decarboxylase_like|OMPdecase_2|OROTIDINE 5'-PHOSPHATE DECARBOXYLASE|Orotidine 5'-phosphate decarboxylase|Orotidine 5'-phosphate decarboxylase / HUMPS family|Orotidine 5'-phosphate decarboxylase [pyrF].|Orotidine 5'-phosphate decarboxylase active site.|Orotidine 5'-phosphate decarboxylase domain|Orotidine 5'-phosphate decarboxylase, active site|Orotidine 5'-phosphate decarboxylase, bacterial|Ribulose-phoshate binding barrel|Ribulose-phosphate binding barrel|orotidine-5'-phosphate decarboxylase",Orotidine 5'-phosphate decarboxylase / HUMPS family|Orotidine 5'-phosphate decarboxylase active site.|Ribulose-phosphate binding barrel|Aldolase-type TIM barrel|OMP_decarboxylase_like|Aldolase class I|OMPdecase_2,122,species,Bacillus subtilis
VFG012131,MKKKFIKALCSVALSCMICTSCITKVSAAPTNNTKINSNEINISEDSSKSERIPSTKSKPLGLNATKANTAKYSFNDLNKLSNKEILDLTSRIKWNDISDLFQYNDDSYAFYSNKERVQALIDGLYEKASTYTGTDDKGIDTLVEILRSGFYLGFYNDSLKYLNDRSFQDKCIPAMLAIENNKNFKLGEKGQDTVISALGKLIGNASCNAEVVNKTVPILEQYYREMNKYPKDKLKADAVYSLMKEINYDISQYTYDHNIRDGKNTPWSSKIDPFINTISKFAGISKVTEDNGWIINNGIYYTSKFAIYHSNPSIPHSVIDKCLEILPAYSEQYYIAVERIKEDFNCKDSKGNVVDIDKLLEDGKKHYLPKTYTFDNGKMIIKAGDKVDESKIQRLYWASKEVKSQFHRIIGNDKPLEAGNADDVLTMVIYNSPEEYKLNRTLYGYSVDNGGIYIEGIGTFFTYERTPEESIYSLEELFRHEFTHYLQGRYLVPGLFNEGDFYKGNSGRITWFEEGSAEFFAGSTRTSVLPRKSMVGGLSENPKERFSADKILHSKYDDGWEFYKYGYAFSDYMYNNSKKLFSDLVSTMKNNDVKGYENLIENASKDPNVNKSYQNHMQKLVDNYNNYTIPLVSDDYMKKYSNKSLNEIKSDIESTMNLTNSEITKESSQYFDTYTLKANYTLDSNKGEIDNWNCMNNKVNESLEKLNKLGWGGYKTVTAYFSNPKVNSHNQVEYNVVFHGLLTHNKNFNEAPTIKLDFPKEANTDEKIKFSSEGSTDDGKIVSYAWDLGDGETSSEKNPTHVYKAPGTYTVKLTVTDDKGLKSEKSASINIKKVLTGNAVSEKENNNDYVNANPVYSKDLVSGSVSSSDDRDIFYFNVTKPSDITINAEKINKDKSEFTWLLFSEEDKSNYIAYPNKKLENLFYSTVKIDKPGKYYLVIYKVSGDKSDYRFNIEGDISASTKDDTDKNELVISEKEDNNSFDKANRVCKNQSVIATLDTNDPRDTYYFDALTVGNIEVTMENTDNNSNEFNWLAYSSDNTNNYIGYATKREGNKIIGNFKVDKPGRYYIVAYKTSSNKINYKLNIKGDIDNVPKNDEIYEKESNDSFETANKIMLNTTVLGNLNGKDVRDIYSFDIKEAKDLDIKLNNLNNLGLAWNLYKESDLNNYIAYGSVSGNTIQGKCNVTPGKYYLYVYKYSGDNGNYSLTIK,"Bacterial pre-peptidase C-terminal domain|COLLAGENASE|Cell surface protein|Coil|Collagen-binding domain|Collagenase|Collagenase ColG-like, catalytic helper subdomain|Collagenase G catalytic helper subdomain|Immunoglobulin-like fold|Immunoglobulins|Microbial collagenase|Microbial collagenase metalloprotease (M9) signature|PKD|PKD domain|PKD domain superfamily|PKD/Chitinase domain|PKD_9|Peptidase M9, collagenase, N-terminal domain|Peptidase M9A/M9B, collagenase, bacterial|Peptidase family M9 N-terminal|Peptidase, C-terminal, archaeal/bacterial|Polycystic kidney disease (PKD) domain profile.","Microbial collagenase metalloprotease (M9) signature|Collagenase ColG-like, catalytic helper subdomain|Polycystic kidney disease (PKD) domain profile.|Peptidase M9, collagenase, N-terminal domain|Bacterial pre-peptidase C-terminal domain|Peptidase M9A/M9B, collagenase, bacterial|Peptidase, C-terminal, archaeal/bacterial|Peptidase family M9 N-terminal|Immunoglobulin-like fold|Collagen-binding domain|PKD domain superfamily|Microbial collagenase|Cell surface protein|PKD/Chitinase domain|Immunoglobulins|COLLAGENASE|PKD domain|PKD_9|Coil|PKD",144,family,Clostridiaceae
