,id,label
0,0|0|tr|A0A0E8TEY5|A0A0E8TEY5_STREE,0
1,0|0|tr|A0A0E8TCM5|A0A0E8TCM5_STREE,0
2,0|0|tr|A0A0E8T3X2|A0A0E8T3X2_STREE,0
3,0|0|tr|A0A0E8TP73|A0A0E8TP73_STREE,0
4,0|0|tr|A0A0E8TKN6|A0A0E8TKN6_STREE,0
5,0|0|tr|A0A0E8TPM9|A0A0E8TPM9_STREE,0
6,0|0|tr|A0A0E8T9M0|A0A0E8T9M0_STREE,0
7,0|0|tr|A0A0E8TP37|A0A0E8TP37_STREE,0
8,0|0|tr|A0A0E8TIH1|A0A0E8TIH1_STREE,0
9,0|0|tr|A0A0E8TH68|A0A0E8TH68_STREE,0
10,0|0|tr|A0A0E8TEY0|A0A0E8TEY0_STREE,0
11,0|0|tr|A0A0E8T8S2|A0A0E8T8S2_STREE,0
12,0|0|tr|A0A0E8TBV1|A0A0E8TBV1_STREE,0
13,0|0|tr|A0A0E8T8X0|A0A0E8T8X0_STREE,0
14,0|0|tr|A0A0E8TP57|A0A0E8TP57_STREE,0
15,0|0|tr|A0A0E8TPK2|A0A0E8TPK2_STREE,0
16,0|0|tr|A0A0E8TR20|A0A0E8TR20_STREE,0
17,0|0|tr|A0A0E8TJY5|A0A0E8TJY5_STREE,0
18,0|0|tr|A0A0E8T8L9|A0A0E8T8L9_STREE,0
19,0|0|tr|A0A0E8TLI7|A0A0E8TLI7_STREE,0
20,0|0|tr|I6BT99|I6BT99_SHIFL,0
21,0|0|tr|I6BZK7|I6BZK7_SHIFL,0
22,0|0|tr|I6BDZ5|I6BDZ5_SHIFL,0
23,0|0|tr|I6BEV3|I6BEV3_SHIFL,0
24,0|0|tr|I6BEB3|I6BEB3_SHIFL,0
25,0|0|tr|Q8DYA1|Q8DYA1_STRA5,0
26,0|0|tr|Q8E1I8|Q8E1I8_STRA5,0
27,0|0|tr|D7H5Q5|D7H5Q5_BRUAO,0
28,0|0|tr|D7H5R9|D7H5R9_BRUAO,0
29,0|0|tr|D7H6T9|D7H6T9_BRUAO,0
30,0|0|tr|D7H0P7|D7H0P7_BRUAO,0
31,0|0|tr|D7H0D0|D7H0D0_BRUAO,0
32,0|0|tr|D7H7G3|D7H7G3_BRUAO,0
33,0|0|tr|D7H5Z8|D7H5Z8_BRUAO,0
34,0|0|tr|D7GZ26|D7GZ26_BRUAO,0
35,0|0|tr|A1KUR4|A1KUR4_NEIMF,0
36,0|0|tr|A1KWN0|A1KWN0_NEIMF,0
37,0|0|tr|E8XFZ8|E8XFZ8_SALT4,0
38,0|0|tr|E8XFS1|E8XFS1_SALT4,0
39,0|0|tr|E8XKA6|E8XKA6_SALT4,0
40,0|0|tr|E8XIY3|E8XIY3_SALT4,0
41,0|0|tr|Q8XN57|Q8XN57_CLOPE,0
42,0|0|tr|Q8XJD1|Q8XJD1_CLOPE,0
43,0|0|tr|Q8XJS5|Q8XJS5_CLOPE,0
44,0|0|tr|Q8XPB2|Q8XPB2_CLOPE,0
45,0|0|tr|Q8XNA8|Q8XNA8_CLOPE,0
46,0|0|sp|Q8XJQ0|RNH2_CLOPE,0
47,0|0|tr|Q8XMN9|Q8XMN9_CLOPE,0
48,0|0|tr|B7UTI6|B7UTI6_ECO27,0
49,0|0|tr|B7UL64|B7UL64_ECO27,0
50,0|0|tr|A0A064C079|A0A064C079_STREE,0
51,0|0|tr|Q541T4|Q541T4_STREE,0
52,0|0|tr|F4VCZ6|F4VCZ6_ECOLX,0
53,0|0|tr|F4VGW0|F4VGW0_ECOLX,0
54,0|0|tr|F4VNB7|F4VNB7_ECOLX,0
55,0|0|tr|F4VKT8|F4VKT8_ECOLX,0
56,0|0|tr|F4VIF5|F4VIF5_ECOLX,0
57,0|0|tr|A0A0H2YRN1|A0A0H2YRN1_CLOP1,0
58,0|0|tr|A5I056|A5I056_CLOBH,0
59,0|0|tr|A5I2J7|A5I2J7_CLOBH,0
60,0|0|tr|A5I7W7|A5I7W7_CLOBH,0
61,0|0|tr|A5I516|A5I516_CLOBH,0
62,0|0|tr|A5HYZ1|A5HYZ1_CLOBH,0
63,0|0|tr|A5I7D9|A5I7D9_CLOBH,0
64,0|0|tr|A5HYT3|A5HYT3_CLOBH,0
65,0|0|tr|A5I5P2|A5I5P2_CLOBH,0
66,0|0|tr|A5I5N3|A5I5N3_CLOBH,0
67,0|0|sp|A5I174|SSPH2_CLOBH,0
68,0|0|tr|A5I0H1|A5I0H1_CLOBH,0
69,0|0|tr|A5I3V5|A5I3V5_CLOBH,0
70,0|0|tr|A0A0U0KRA0|A0A0U0KRA0_STREE,0
71,0|0|tr|A0A0U0LS20|A0A0U0LS20_STREE,0
72,0|0|tr|A0A0U0L1M6|A0A0U0L1M6_STREE,0
73,0|0|tr|A0A0B7L9D3|A0A0B7L9D3_STREE,0
74,0|0|tr|Q5NER7|Q5NER7_FRATT,0
75,0|0|tr|Q5NF62|Q5NF62_FRATT,0
76,0|0|tr|Q5NIM6|Q5NIM6_FRATT,0
77,0|0|tr|A0A0H3B3F6|A0A0H3B3F6_YERPY,0
78,0|0|tr|A0A0H3B2C4|A0A0H3B2C4_YERPY,0
79,0|0|tr|A0A0H3AZX2|A0A0H3AZX2_YERPY,0
80,0|0|sp|B1JGL3|NUOA_YERPY,0
81,0|0|tr|A0R0G2|A0R0G2_MYCS2,0
82,0|0|tr|A0QZK3|A0QZK3_MYCS2,0
83,0|0|tr|A0QYE6|A0QYE6_MYCS2,0
84,0|0|tr|A0QV97|A0QV97_MYCS2,0
85,0|0|tr|A0QRD6|A0QRD6_MYCS2,0
86,0|0|tr|A0R6B9|A0R6B9_MYCS2,0
87,0|0|tr|A0QVG2|A0QVG2_MYCS2,0
88,0|0|tr|A0QS88|A0QS88_MYCS2,0
89,0|0|tr|A0R6Y2|A0R6Y2_MYCS2,0
90,0|0|tr|A0R3J9|A0R3J9_MYCS2,0
91,0|0|tr|A0QU71|A0QU71_MYCS2,0
92,0|0|tr|A0QTL9|A0QTL9_MYCS2,0
93,0|0|tr|A0QTB0|A0QTB0_MYCS2,0
94,0|0|tr|A0R2M1|A0R2M1_MYCS2,0
95,0|0|tr|A0R6X1|A0R6X1_MYCS2,0
96,0|0|tr|A0R6C0|A0R6C0_MYCS2,0
97,0|0|tr|A0QXP9|A0QXP9_MYCS2,0
98,0|0|tr|A0QXF9|A0QXF9_MYCS2,0
99,0|0|tr|A0R3A0|A0R3A0_MYCS2,0
100,0|0|tr|A0QV58|A0QV58_MYCS2,0
101,0|0|tr|A0R359|A0R359_MYCS2,0
102,0|0|tr|A0QRJ3|A0QRJ3_MYCS2,0
103,0|0|tr|A0R077|A0R077_MYCS2,0
104,0|0|tr|A0QRA6|A0QRA6_MYCS2,0
105,0|0|tr|A0R2P3|A0R2P3_MYCS2,0
106,0|0|tr|A0A0H3N5I2|A0A0H3N5I2_PEPDC,0
107,0|0|tr|A0A0H3NBZ0|A0A0H3NBZ0_PEPDC,0
108,0|0|tr|A0A0H3N987|A0A0H3N987_PEPDC,0
109,0|0|tr|A0A0H3N7X5|A0A0H3N7X5_PEPDC,0
110,0|0|tr|A0A0H3N6G1|A0A0H3N6G1_PEPDC,0
111,0|0|tr|A0A0H3NFM8|A0A0H3NFM8_PEPDC,0
112,0|0|tr|A0A0H3NE97|A0A0H3NE97_PEPDC,0
113,0|0|tr|A0A0H3NDQ6|A0A0H3NDQ6_PEPDC,0
114,0|0|tr|A0A0H3NBD0|A0A0H3NBD0_PEPDC,0
115,0|0|tr|A0A0H3NC51|A0A0H3NC51_PEPDC,0
116,0|0|tr|A0A0H3N3V8|A0A0H3N3V8_PEPDC,0
117,0|0|tr|A0A0H3N538|A0A0H3N538_PEPDC,0
118,0|0|tr|A0A0H3NAR3|A0A0H3NAR3_PEPDC,0
119,0|0|tr|A0A0H3N0G6|A0A0H3N0G6_PEPDC,0
120,0|0|sp|A9IXC8|Y1882_BART1,0
121,0|0|tr|A9IWY1|A9IWY1_BART1,0
122,0|0|tr|A9IXQ2|A9IXQ2_BART1,0
123,0|0|tr|A9IU79|A9IU79_BART1,0
124,0|0|tr|A9IXU0|A9IXU0_BART1,0
125,0|0|tr|Q6NI71|Q6NI71_CORDI,0
126,0|0|tr|Q6NEU8|Q6NEU8_CORDI,0
127,0|0|tr|Q6NJM6|Q6NJM6_CORDI,0
128,0|0|tr|Q6NGS0|Q6NGS0_CORDI,0
129,0|0|tr|Q6NGS1|Q6NGS1_CORDI,0
130,0|0|tr|Q6NIB3|Q6NIB3_CORDI,0
131,0|0|tr|Q6NFM5|Q6NFM5_CORDI,0
132,0|0|tr|V7KM45|V7KM45_MYCPC,0
133,0|0|tr|V7KFY9|V7KFY9_MYCPC,0
134,0|0|tr|V7KLT3|V7KLT3_MYCPC,0
135,0|0|tr|V7KXQ9|V7KXQ9_MYCPC,0
136,0|0|tr|V7KU31|V7KU31_MYCPC,0
137,0|0|tr|V7KQE2|V7KQE2_MYCPC,0
138,0|0|tr|V7KR02|V7KR02_MYCPC,0
139,0|0|tr|V7KLM7|V7KLM7_MYCPC,0
140,0|0|tr|V7KGT9|V7KGT9_MYCPC,0
141,0|0|tr|V7KW58|V7KW58_MYCPC,0
142,0|0|tr|V7KSW7|V7KSW7_MYCPC,0
143,0|0|tr|V7KN07|V7KN07_MYCPC,0
144,0|0|tr|V7KFR8|V7KFR8_MYCPC,0
145,0|0|tr|Q63TY5|Q63TY5_BURPS,0
146,0|0|tr|Q63NZ2|Q63NZ2_BURPS,0
147,0|0|tr|Q63UY9|Q63UY9_BURPS,0
148,0|0|sp|Q63SX7|RRAAH_BURPS,0
149,0|0|tr|Q63KP4|Q63KP4_BURPS,0
150,0|0|tr|Q63NF3|Q63NF3_BURPS,0
151,0|0|tr|Q63M12|Q63M12_BURPS,0
152,0|0|tr|Q63JQ7|Q63JQ7_BURPS,0
153,0|0|tr|Q63VX3|Q63VX3_BURPS,0
154,0|0|tr|Q63KB1|Q63KB1_BURPS,0
155,0|0|tr|B1IHS5|B1IHS5_CLOBK,0
156,0|0|tr|B1IIA9|B1IIA9_CLOBK,0
157,0|0|tr|B1IGT4|B1IGT4_CLOBK,0
158,0|0|tr|Q8DQF0|Q8DQF0_STRR6,0
159,0|0|tr|Q8DRL0|Q8DRL0_STRR6,0
160,0|0|tr|B1LJZ7|B1LJZ7_ECOSM,0
161,0|0|tr|A0A083WJJ6|A0A083WJJ6_MYCBI,0
162,0|0|tr|A0A083WKY9|A0A083WKY9_MYCBI,0
163,0|0|tr|A0A083VU40|A0A083VU40_MYCBI,0
164,0|0|tr|A0A0C7DTV9|A0A0C7DTV9_MYCBI,0
165,0|0|tr|A0A0C7DRI9|A0A0C7DRI9_MYCBI,0
166,0|0|tr|A0A0C7DCH3|A0A0C7DCH3_MYCBI,0
167,0|0|tr|A0A0C7DQK5|A0A0C7DQK5_MYCBI,0
168,0|0|tr|A0A083VXL6|A0A083VXL6_MYCBI,0
169,0|0|tr|Q83XB5|Q83XB5_MYCBI,0
170,0|0|tr|A0A083W7B7|A0A083W7B7_MYCBI,0
171,0|0|tr|A0A0H3BYZ3|A0A0H3BYZ3_STRPZ,0
172,0|0|tr|A0A0H3BXQ2|A0A0H3BXQ2_STRPZ,0
173,0|0|tr|A0A0H3BYC9|A0A0H3BYC9_STRPZ,0
174,0|0|tr|Q9AQI9|Q9AQI9_STRAG,0
175,0|0|tr|Q8F5N2|Q8F5N2_LEPIN,0
176,0|0|tr|Q8F9Z7|Q8F9Z7_LEPIN,0
177,0|0|tr|Q8F9F7|Q8F9F7_LEPIN,0
178,0|0|tr|Q8F0Y6|Q8F0Y6_LEPIN,0
179,0|0|tr|Q8F0Q6|Q8F0Q6_LEPIN,0
180,0|0|tr|Q8EXE6|Q8EXE6_LEPIN,0
181,0|0|tr|Q8EXY7|Q8EXY7_LEPIN,0
182,0|0|tr|Q8F0U3|Q8F0U3_LEPIN,0
183,0|0|tr|Q8F8N1|Q8F8N1_LEPIN,0
184,0|0|tr|Q8F1S6|Q8F1S6_LEPIN,0
185,0|0|tr|Q8F228|Q8F228_LEPIN,0
186,0|0|tr|Q8EZ09|Q8EZ09_LEPIN,0
187,0|0|tr|Q8F2S7|Q8F2S7_LEPIN,0
188,0|0|tr|Q8EZ84|Q8EZ84_LEPIN,0
189,0|0|sp|Q8F201|Y2977_LEPIN,0
190,0|0|sp|Q8EYY4|LNT2_LEPIN,0
191,0|0|tr|Q8F122|Q8F122_LEPIN,0
192,0|0|tr|A0A0U1ESH4|A0A0U1ESH4_YERIN,0
193,0|0|tr|Q9I1S5|Q9I1S5_PSEAE,0
194,0|0|tr|Q9I1Q7|Q9I1Q7_PSEAE,0
195,0|0|tr|Q9I3R4|Q9I3R4_PSEAE,0
196,0|0|tr|Q9HTG3|Q9HTG3_PSEAE,0
197,0|0|tr|Q9I0Z2|Q9I0Z2_PSEAE,0
198,0|0|tr|Q9I1V7|Q9I1V7_PSEAE,0
199,0|0|sp|G3XD12|HCNC_PSEAE,0
200,0|0|tr|Q9HTJ7|Q9HTJ7_PSEAE,0
201,0|0|tr|Q9I227|Q9I227_PSEAE,0
202,0|0|tr|Q9HUD1|Q9HUD1_PSEAE,0
203,0|0|tr|Q9I237|Q9I237_PSEAE,0
204,0|0|sp|Q9I352|HEMTB_PSEAE,0
205,0|0|tr|Q9I6R2|Q9I6R2_PSEAE,0
206,0|0|tr|G3XCV6|G3XCV6_PSEAE,0
207,0|0|tr|Q9HZX5|Q9HZX5_PSEAE,0
208,0|0|tr|Q9HWL5|Q9HWL5_PSEAE,0
209,0|0|tr|Q9I2K0|Q9I2K0_PSEAE,0
210,0|0|tr|Q9I144|Q9I144_PSEAE,0
211,0|0|tr|Q9I167|Q9I167_PSEAE,0
212,0|0|tr|Q9HT44|Q9HT44_PSEAE,0
213,0|0|tr|A1JQY5|A1JQY5_YERE8,0
214,0|0|sp|A1JKE3|URED_YERE8,0
215,0|0|tr|A1JQZ7|A1JQZ7_YERE8,0
216,0|0|tr|Q9K2F0|Q9K2F0_CHLPN,0
217,0|0|tr|Q9K1X2|Q9K1X2_CHLPN,0
218,0|0|tr|Q9Z6S2|Q9Z6S2_CHLPN,0
219,0|0|sp|Q9Z6S3|TRMB_CHLPN,0
220,0|0|tr|Q9JS40|Q9JS40_CHLPN,0
221,0|0|tr|W8ZU36|W8ZU36_ECOLX,0
222,0|0|tr|B7MFE5|B7MFE5_ECO45,0
223,0|0|tr|B7MCP4|B7MCP4_ECO45,0
224,0|0|tr|T6GJW4|T6GJW4_ECOLX,0
225,0|0|tr|C8TV32|C8TV32_ECO26,0
226,0|0|tr|Q2L1X4|Q2L1X4_BORA1,0
227,0|0|tr|Q2KZK0|Q2KZK0_BORA1,0
228,0|0|tr|Q2L1S1|Q2L1S1_BORA1,0
229,0|0|tr|Q2KXN5|Q2KXN5_BORA1,0
230,0|0|tr|Q2KXK0|Q2KXK0_BORA1,0
231,0|0|tr|Q2KYG8|Q2KYG8_BORA1,0
232,0|0|tr|Q2KU01|Q2KU01_BORA1,0
233,0|0|tr|Q2L0X6|Q2L0X6_BORA1,0
234,0|0|tr|Q9KU13|Q9KU13_VIBCH,0
235,0|0|tr|Q9KVV0|Q9KVV0_VIBCH,0
236,0|0|tr|Q9KSV9|Q9KSV9_VIBCH,0
237,0|0|tr|Q9KV00|Q9KV00_VIBCH,0
238,0|0|tr|Q9KPT0|Q9KPT0_VIBCH,0
239,0|0|tr|A0A0E1R8Q6|A0A0E1R8Q6_LISMN,0
240,0|0|tr|A0A0E1R594|A0A0E1R594_LISMN,0
241,0|0|tr|A0A0E1R4K7|A0A0E1R4K7_LISMN,0
242,0|0|tr|A0A0E1R3B4|A0A0E1R3B4_LISMN,0
243,0|0|tr|A0A0H2YDA5|A0A0H2YDA5_YERPN,0
244,0|0|tr|A0A0H2YGR5|A0A0H2YGR5_YERPN,0
245,0|0|tr|Q7D7I8|Q7D7I8_MYCTO,0
246,0|0|sp|P9WQG6|Y802_MYCTO,0
247,0|0|sp|P9WFM2|Y1101_MYCTO,0
248,0|0|tr|U9YTD2|U9YTD2_ECOLX,0
249,0|0|tr|E2X3U8|E2X3U8_SHIDY,0
250,0|0|tr|Q0P9I9|Q0P9I9_CAMJE,0
251,0|0|sp|Q9PNJ9|LNT_CAMJE,0
252,0|0|tr|Q0P7U4|Q0P7U4_CAMJE,0
253,0|0|tr|A0A0W3CR45|A0A0W3CR45_ESCFE,0
254,0|0|tr|A0A0E1URA7|A0A0E1URA7_BURPE,0
255,0|0|tr|A0A0E1UBL5|A0A0E1UBL5_BURPE,0
256,0|0|tr|A0A0E1UAE1|A0A0E1UAE1_BURPE,0
257,0|0|tr|A0A0E1UNJ6|A0A0E1UNJ6_BURPE,0
258,0|0|tr|A0A0E1UHM2|A0A0E1UHM2_BURPE,0
259,0|0|tr|A0A0E1UF13|A0A0E1UF13_BURPE,0
260,0|0|tr|A0A0E1UDX3|A0A0E1UDX3_BURPE,0
261,0|0|tr|A0A0E1U9W5|A0A0E1U9W5_BURPE,0
262,0|0|tr|A0A0E1UFI4|A0A0E1UFI4_BURPE,0
263,0|0|tr|A0A0E1UPK8|A0A0E1UPK8_BURPE,0
264,0|0|tr|A0A0E1ULR9|A0A0E1ULR9_BURPE,0
265,0|0|tr|C4KS46|C4KS46_BURPE,0
266,0|0|tr|C4I492|C4I492_BURPE,0
267,0|0|tr|C4I7W9|C4I7W9_BURPE,0
268,0|0|tr|C4KS48|C4KS48_BURPE,0
269,0|0|tr|C4I2B5|C4I2B5_BURPE,0
270,0|0|tr|C4KVI4|C4KVI4_BURPE,0
271,0|0|tr|B1BWZ0|B1BWZ0_CLOPF,0
272,0|0|tr|B1BPS6|B1BPS6_CLOPF,0
273,0|0|tr|A0A125W3M4|A0A125W3M4_ENTFL,0
274,0|0|tr|A0A125W496|A0A125W496_ENTFL,0
275,0|0|tr|A0A125W1Z3|A0A125W1Z3_ENTFL,0
276,0|0|tr|A0A125W485|A0A125W485_ENTFL,0
277,0|0|tr|A0A125W4Y8|A0A125W4Y8_ENTFL,0
278,0|0|tr|A0A125W3Q7|A0A125W3Q7_ENTFL,0
279,0|0|tr|A0A125W5D6|A0A125W5D6_ENTFL,0
280,0|0|tr|A0A125W948|A0A125W948_ENTFL,0
281,0|0|tr|A0A125W3M6|A0A125W3M6_ENTFL,0
282,0|0|tr|A0A125W6U5|A0A125W6U5_ENTFL,0
283,0|0|tr|A0A125W4M8|A0A125W4M8_ENTFL,0
284,0|0|tr|A0A125W542|A0A125W542_ENTFL,0
285,0|0|tr|A0A125W1N0|A0A125W1N0_ENTFL,0
286,0|0|tr|A0A125W1W3|A0A125W1W3_ENTFL,0
287,0|0|tr|A0A125WAW1|A0A125WAW1_ENTFL,0
288,0|0|tr|A0A034T357|A0A034T357_9ENTR,0
289,0|0|tr|A0A034SX10|A0A034SX10_9ENTR,0
290,0|0|tr|A0A034T3F1|A0A034T3F1_9ENTR,0
291,0|0|tr|A0A034T6R7|A0A034T6R7_9ENTR,0
292,0|0|tr|Q839Q1|Q839Q1_ENTFA,0
293,0|0|tr|Q82YR2|Q82YR2_ENTFA,0
294,0|0|tr|A0A0H2WU51|A0A0H2WU51_SALPA,0
295,0|0|tr|A7H2N7|A7H2N7_CAMJD,0
296,0|0|tr|A7H2B5|A7H2B5_CAMJD,0
297,0|0|tr|A0A0H5KLJ7|A0A0H5KLJ7_BURPE,0
298,0|0|tr|Q2YIX7|Q2YIX7_BRUA2,0
299,0|0|tr|H4JNV4|H4JNV4_ECOLX,0
300,0|0|tr|C0GBH8|C0GBH8_9RHIZ,0
301,0|0|tr|C0G8M1|C0G8M1_9RHIZ,0
302,0|0|tr|C0G780|C0G780_9RHIZ,0
303,0|0|tr|C0GAZ8|C0GAZ8_9RHIZ,0
304,0|0|tr|C0G7B9|C0G7B9_9RHIZ,0
305,0|0|tr|C0G5S4|C0G5S4_9RHIZ,0
306,0|0|tr|C0G5E2|C0G5E2_9RHIZ,0
307,0|0|tr|B7NH60|B7NH60_ECOLU,0
308,0|0|tr|A0A0H2WK05|A0A0H2WK05_BURMA,0
309,0|0|tr|A0A0H2WFA3|A0A0H2WFA3_BURMA,0
310,0|0|tr|A0A0H2ZWZ7|A0A0H2ZWZ7_MYCA1,0
311,0|0|tr|A0A0H2ZQS1|A0A0H2ZQS1_MYCA1,0
312,0|0|tr|A0A0H2ZRR8|A0A0H2ZRR8_MYCA1,0
313,0|0|tr|Q742T9|Q742T9_MYCPA,0
314,0|0|tr|A0A0M2Y6Y5|A0A0M2Y6Y5_BRUML,0
315,0|0|tr|A0A0H3PA96|A0A0H3PA96_CAMJJ,0
316,0|0|tr|A0A0H3PDN2|A0A0H3PDN2_CAMJJ,0
317,0|0|tr|A3NNR4|A3NNR4_BURP6,0
318,0|0|tr|A3NG79|A3NG79_BURP6,0
319,0|0|tr|A3NBM1|A3NBM1_BURP6,0
320,0|0|tr|A0A0C9N4S2|A0A0C9N4S2_LEGPN,0
321,0|0|tr|A0A0C9P2G6|A0A0C9P2G6_LEGPN,0
322,0|0|tr|Q9RDZ1|Q9RDZ1_LEGPN,0
323,0|0|tr|A0A0C9N4V7|A0A0C9N4V7_LEGPN,0
324,0|0|tr|A0A0C9PGH7|A0A0C9PGH7_LEGPN,0
325,0|0|tr|A0A0C9N7M5|A0A0C9N7M5_LEGPN,0
326,0|0|tr|B3H1T4|B3H1T4_ACTP7,0
327,0|0|tr|B3GY42|B3GY42_ACTP7,0
328,0|0|tr|B3GXU7|B3GXU7_ACTP7,0
329,0|0|tr|B3H012|B3H012_ACTP7,0
330,0|0|tr|D3EHA0|D3EHA0_GEOS4,0
331,0|0|tr|D3EKN9|D3EKN9_GEOS4,0
332,0|0|tr|D3EL09|D3EL09_GEOS4,0
333,0|0|tr|D3EJ82|D3EJ82_GEOS4,0
334,0|0|tr|D3EIM3|D3EIM3_GEOS4,0
335,0|0|tr|D3EHW7|D3EHW7_GEOS4,0
336,0|0|tr|D3E854|D3E854_GEOS4,0
337,0|0|tr|D3EBU8|D3EBU8_GEOS4,0
338,0|0|tr|D3ELM5|D3ELM5_GEOS4,0
339,0|0|tr|D3EFH5|D3EFH5_GEOS4,0
340,0|0|tr|D3EA70|D3EA70_GEOS4,0
341,0|0|tr|D3EKU7|D3EKU7_GEOS4,0
342,0|0|tr|D3E5G7|D3E5G7_GEOS4,0
343,0|0|tr|D3EJH7|D3EJH7_GEOS4,0
344,0|0|tr|D3EDS2|D3EDS2_GEOS4,0
345,0|0|tr|D3EIP1|D3EIP1_GEOS4,0
346,0|0|tr|D3E691|D3E691_GEOS4,0
347,0|0|tr|D3EJA3|D3EJA3_GEOS4,0
348,0|0|tr|D3E8Y2|D3E8Y2_GEOS4,0
349,0|0|tr|D3EKT2|D3EKT2_GEOS4,0
350,0|0|tr|D3EC64|D3EC64_GEOS4,0
351,0|0|tr|D3E8V0|D3E8V0_GEOS4,0
352,0|0|tr|D3EKQ3|D3EKQ3_GEOS4,0
353,0|0|tr|D3E8K7|D3E8K7_GEOS4,0
354,0|0|tr|D3E5B1|D3E5B1_GEOS4,0
355,0|0|tr|D3E6Y8|D3E6Y8_GEOS4,0
356,0|0|tr|D3E659|D3E659_GEOS4,0
357,0|0|tr|S4JKM5|S4JKM5_SALEN,0
358,0|0|tr|S4J2E7|S4J2E7_SALEN,0
359,0|0|tr|A0A0E0UZ55|A0A0E0UZ55_LISMM,0
360,0|0|tr|A0A0H2UZ88|A0A0H2UZ88_SHIFL,0
361,0|0|tr|A0A0H4K725|A0A0H4K725_VIBCL,0
362,0|0|tr|A0A0H4K7B0|A0A0H4K7B0_VIBCL,0
363,0|0|tr|J1IXQ2|J1IXQ2_9RHIZ,0
364,0|0|tr|Q5WTA5|Q5WTA5_LEGPL,0
365,0|0|tr|A0A0H2ZF41|A0A0H2ZF41_PSEAB,0
366,0|0|tr|A0A0H2ZH41|A0A0H2ZH41_PSEAB,0
367,0|0|tr|A0A0H2Z8A2|A0A0H2Z8A2_PSEAB,0
368,0|0|tr|A0A0H2ZBY8|A0A0H2ZBY8_PSEAB,0
369,0|0|tr|A0A0H2ZBZ9|A0A0H2ZBZ9_PSEAB,0
370,0|0|tr|D8A0P5|D8A0P5_ECOMS,0
371,0|0|tr|D8A8D3|D8A8D3_ECOMS,0
372,0|0|tr|A0A0T9W3D5|A0A0T9W3D5_SALTM,0
373,0|0|tr|A0A0T9WBT6|A0A0T9WBT6_SALTM,0
374,0|0|tr|A0A0H3LVF5|A0A0H3LVF5_BARQU,0
375,0|0|tr|A0KHM5|A0KHM5_AERHH,0
376,0|0|tr|A0KGU9|A0KGU9_AERHH,0
377,0|0|tr|A0KGI1|A0KGI1_AERHH,0
378,0|0|sp|A0KQR3|TRMA_AERHH,0
379,0|0|tr|A0KHP2|A0KHP2_AERHH,0
380,0|0|tr|A0KF52|A0KF52_AERHH,0
381,0|0|tr|A0KQT0|A0KQT0_AERHH,0
382,0|0|tr|A0KN52|A0KN52_AERHH,0
383,0|0|tr|A0KJL9|A0KJL9_AERHH,0
384,0|0|tr|A0KQT7|A0KQT7_AERHH,0
385,0|0|sp|A0KNE2|RBFA_AERHH,0
386,0|0|tr|A0KNM8|A0KNM8_AERHH,0
387,0|0|tr|A0KR25|A0KR25_AERHH,0
388,0|0|tr|A0A0E1XLM8|A0A0E1XLM8_STAAU,0
389,0|0|tr|A0A0E1XLS8|A0A0E1XLS8_STAAU,0
390,0|0|tr|A0A0E1X855|A0A0E1X855_STAAU,0
391,0|0|tr|A0A0E1X997|A0A0E1X997_STAAU,0
392,0|0|tr|D0B776|D0B776_BRUME,0
393,0|0|tr|A0A0H3KDT7|A0A0H3KDT7_STAAE,0
394,0|0|tr|I6EEF5|I6EEF5_SHIBO,0
395,0|0|tr|I6DWS7|I6DWS7_SHIBO,0
396,0|0|tr|A0A0E0SXU6|A0A0E0SXU6_ECOLX,0
397,0|0|tr|A0A0E0U898|A0A0E0U898_ECOLX,0
398,0|0|tr|A0A0E2ZIN1|A0A0E2ZIN1_FRATU,0
399,0|0|tr|A0A0H3NQ00|A0A0H3NQ00_YERE1,0
400,0|0|tr|A0A0H3NPQ3|A0A0H3NPQ3_YERE1,0
401,0|0|tr|A0A0H3NMA1|A0A0H3NMA1_YERE1,0
402,0|0|tr|A0A0H3NKE8|A0A0H3NKE8_YERE1,0
403,0|0|tr|A0A0H3NWD5|A0A0H3NWD5_YERE1,0
404,0|0|tr|A0A0M2AQR7|A0A0M2AQR7_ENTFL,0
405,0|0|tr|A0A0M2ATN7|A0A0M2ATN7_ENTFL,0
406,0|0|tr|C0PYK2|C0PYK2_SALPC,0
407,0|0|tr|C0Q5U8|C0Q5U8_SALPC,0
408,0|0|tr|B1KTR4|B1KTR4_CLOBM,0
409,0|0|tr|B1KS34|B1KS34_CLOBM,0
410,0|0|tr|B1L0P3|B1L0P3_CLOBM,0
411,0|0|tr|B1KYN5|B1KYN5_CLOBM,0
412,0|0|tr|B1KZ23|B1KZ23_CLOBM,0
413,0|0|tr|B4U314|B4U314_STREM,0
414,0|0|tr|B4U461|B4U461_STREM,0
415,0|0|tr|B4U0U2|B4U0U2_STREM,0
416,0|0|tr|B4U577|B4U577_STREM,0
417,0|0|tr|B4U3N0|B4U3N0_STREM,0
418,0|0|tr|B4U369|B4U369_STREM,0
419,0|0|tr|A0A0B6D2K6|A0A0B6D2K6_FRATU,0
420,0|0|tr|A0A0B6CST8|A0A0B6CST8_FRATU,0
421,0|0|tr|A0A0B6E6D9|A0A0B6E6D9_FRATU,0
422,0|0|tr|A0A0B3VPT2|A0A0B3VPT2_FRATU,0
423,0|0|tr|A0A0F6C9Y0|A0A0F6C9Y0_ECOLX,0
424,0|0|tr|D5AWB0|D5AWB0_RICPP,0
425,0|0|tr|D5AX25|D5AX25_RICPP,0
426,0|0|tr|D5AWW0|D5AWW0_RICPP,0
427,0|0|tr|D5AWJ1|D5AWJ1_RICPP,0
428,0|0|tr|D5AX13|D5AX13_RICPP,0
429,0|0|tr|Q5ZWJ3|Q5ZWJ3_LEGPH,0
430,0|0|tr|Q5ZZ55|Q5ZZ55_LEGPH,0
431,0|0|tr|G7ZT85|G7ZT85_9STAP,0
432,0|0|tr|A1URL1|A1URL1_BARBK,0
433,0|0|sp|O82881|LSOA_ECO57,0
434,0|0|tr|A0A0E8UJF0|A0A0E8UJF0_MYCTX,0
435,0|0|tr|B2HDN5|B2HDN5_MYCMM,0
436,0|0|tr|B2HL76|B2HL76_MYCMM,0
437,0|0|tr|B2HKZ3|B2HKZ3_MYCMM,0
438,0|0|tr|B2HQD5|B2HQD5_MYCMM,0
439,0|0|tr|B2HN52|B2HN52_MYCMM,0
440,0|0|tr|B2HMW2|B2HMW2_MYCMM,0
441,0|0|tr|B2HJY6|B2HJY6_MYCMM,0
442,0|0|tr|B2HGN5|B2HGN5_MYCMM,0
443,0|0|tr|B2HFZ5|B2HFZ5_MYCMM,0
444,0|0|tr|B2HPX6|B2HPX6_MYCMM,0
445,0|0|tr|B2HLM6|B2HLM6_MYCMM,0
446,0|0|tr|B2HRX7|B2HRX7_MYCMM,0
447,0|0|tr|B2HJZ0|B2HJZ0_MYCMM,0
448,0|0|tr|B2HR74|B2HR74_MYCMM,0
449,0|0|tr|B2HHW6|B2HHW6_MYCMM,0
450,0|0|tr|B2HJ00|B2HJ00_MYCMM,0
451,0|0|tr|B2HLR7|B2HLR7_MYCMM,0
452,0|0|tr|B2HPX8|B2HPX8_MYCMM,0
453,0|0|tr|Q57Q61|Q57Q61_SALCH,0
454,0|0|tr|Q0SRJ6|Q0SRJ6_CLOPS,0
455,0|0|tr|Q0SPV5|Q0SPV5_CLOPS,0
456,0|0|tr|D8B6G2|D8B6G2_ECOLX,0
457,0|0|tr|D5T8C6|D5T8C6_LEGP2,0
458,0|0|tr|D5TAD5|D5TAD5_LEGP2,0
459,0|0|tr|A0A0D0NMZ0|A0A0D0NMZ0_ECOLX,0
460,0|0|tr|A0A0E1D4P0|A0A0E1D4P0_SALEN,0
461,0|0|tr|A0A0T9SN13|A0A0T9SN13_YEREN,0
462,0|0|tr|A0A0H3GF36|A0A0H3GF36_LISM4,0
463,0|0|tr|A0A0H3LCQ5|A0A0H3LCQ5_MYCTE,0
464,0|0|tr|A0A0H3LKP4|A0A0H3LKP4_MYCTE,0
465,0|0|tr|G2Z9Z4|G2Z9Z4_LISIP,0
466,0|0|tr|Q8Z6V9|Q8Z6V9_SALTI,0
467,0|0|tr|Q8Z2P7|Q8Z2P7_SALTI,0
468,0|0|tr|Q9L5T7|Q9L5T7_SALTI,0
469,0|0|tr|B5ZA42|B5ZA42_HELPG,0
470,0|0|tr|B5Z6U6|B5Z6U6_HELPG,0
471,0|0|tr|B5Z9N3|B5Z9N3_HELPG,0
472,0|0|sp|B5Z7V2|RLMH_HELPG,0
473,0|0|tr|Q3JFR7|Q3JFR7_BURP1,0
474,0|0|tr|Q3JKC1|Q3JKC1_BURP1,0
475,0|0|tr|Q3JNP6|Q3JNP6_BURP1,0
476,0|0|tr|Q8D1H5|Q8D1H5_YERPE,0
477,0|0|tr|A0A0H3LM69|A0A0H3LM69_BORBR,0
478,0|0|tr|A0A0H3LP20|A0A0H3LP20_BORBR,0
479,0|0|tr|A0A0H3LKD2|A0A0H3LKD2_BORBR,0
480,0|0|tr|A0A0H3LJ90|A0A0H3LJ90_BORBR,0
481,0|0|tr|A0A0H3LIU9|A0A0H3LIU9_BORBR,0
482,0|0|tr|A0A0H3LRP4|A0A0H3LRP4_BORBR,0
483,0|0|tr|A0A0H3LQK6|A0A0H3LQK6_BORBR,0
484,0|0|tr|A0A0H3LNP7|A0A0H3LNP7_BORBR,0
485,0|0|tr|A0A0H3LLE6|A0A0H3LLE6_BORBR,0
486,0|0|tr|A0A0H3LLD3|A0A0H3LLD3_BORBR,0
487,0|0|tr|A0A0H3LNL7|A0A0H3LNL7_BORBR,0
488,0|0|tr|A0A0H3LYI2|A0A0H3LYI2_BORBR,0
489,0|0|tr|A0A0H3LP44|A0A0H3LP44_BORBR,0
490,0|0|tr|A0A0H3LXI4|A0A0H3LXI4_BORBR,0
491,0|0|tr|A0A0H3LT29|A0A0H3LT29_BORBR,0
492,0|0|tr|A0A0H3LLI1|A0A0H3LLI1_BORBR,0
493,0|0|tr|B3X0E0|B3X0E0_9ENTR,0
494,0|0|tr|Q891Z4|Q891Z4_CLOTE,0
495,0|0|tr|Q896X4|Q896X4_CLOTE,0
496,0|0|tr|Q896J1|Q896J1_CLOTE,0
497,0|0|tr|Q895G6|Q895G6_CLOTE,0
498,0|0|tr|Q896N2|Q896N2_CLOTE,0
499,0|0|tr|Q895D6|Q895D6_CLOTE,0
500,0|0|tr|Q896Q7|Q896Q7_CLOTE,0
501,0|0|tr|A0A072YPL8|A0A072YPL8_9CLOT,0
502,0|0|tr|A0A072Y8U3|A0A072Y8U3_9CLOT,0
503,0|0|tr|A0A072YE93|A0A072YE93_9CLOT,0
504,0|0|tr|A0A072YKW5|A0A072YKW5_9CLOT,0
505,0|0|tr|A0A072YBJ5|A0A072YBJ5_9CLOT,0
506,0|0|tr|A0A072YQL3|A0A072YQL3_9CLOT,0
507,0|0|tr|A0A072YGV7|A0A072YGV7_9CLOT,0
508,0|0|tr|A0A072Y3H2|A0A072Y3H2_9CLOT,0
509,0|0|tr|A0A0E1EZ96|A0A0E1EZ96_CAMJU,0
510,0|0|tr|A4SIA1|A4SIA1_AERS4,0
511,0|0|tr|A4SMJ6|A4SMJ6_AERS4,0
512,0|0|tr|A4SM73|A4SM73_AERS4,0
513,0|0|tr|A4SMJ1|A4SMJ1_AERS4,0
514,0|0|tr|A4SU39|A4SU39_AERS4,0
515,0|0|tr|C4IW35|C4IW35_BRUAO,0
516,0|0|tr|E0EM89|E0EM89_ACTPL,0
517,0|0|tr|E0EIY0|E0EIY0_ACTPL,0
518,0|0|tr|A0A0H3J2E9|A0A0H3J2E9_LISMN,0
519,0|0|sp|Q6G2J9|MNMA_BARHE,0
520,0|0|tr|A0A0H3C4D6|A0A0H3C4D6_BORBZ,0
521,0|0|tr|A0A0H3C2X4|A0A0H3C2X4_BORBZ,0
522,0|0|tr|A0A0H3C323|A0A0H3C323_BORBZ,0
523,0|0|tr|A0A0H3C260|A0A0H3C260_BORBZ,0
524,0|0|tr|A0A0H3C2Y2|A0A0H3C2Y2_BORBZ,0
525,0|0|tr|G8UXI1|G8UXI1_LEGPN,0
526,0|0|tr|G8UR68|G8UR68_LEGPN,0
527,0|0|tr|B1R425|B1R425_CLOPF,0
528,0|0|tr|B1R7H0|B1R7H0_CLOPF,0
529,0|0|tr|Q7VUT9|Q7VUT9_BORPE,0
530,0|0|tr|Q7VVW6|Q7VVW6_BORPE,0
531,0|0|tr|Q81ZD8|Q81ZD8_BACAN,0
532,0|0|tr|Q9RMZ3|Q9RMZ3_BACAN,0
533,0|0|tr|Q81RX2|Q81RX2_BACAN,0
534,0|0|sp|Q81QD4|SP2SB_BACAN,0
535,0|0|tr|Q81XH7|Q81XH7_BACAN,0
536,0|0|tr|Q81RM3|Q81RM3_BACAN,0
537,0|0|tr|Q81LT1|Q81LT1_BACAN,0
538,0|0|tr|Q6EZN2|Q6EZN2_BACAN,0
539,0|0|tr|Q81RG7|Q81RG7_BACAN,0
540,0|0|tr|Q81PR8|Q81PR8_BACAN,0
541,0|0|tr|A0A0H3M1N1|A0A0H3M1N1_MYCBP,0
542,0|0|tr|A0A0C8THA0|A0A0C8THA0_SALTI,0
543,0|0|tr|Q9A0Q1|Q9A0Q1_STRP1,0
544,0|0|tr|Q83EM5|Q83EM5_COXBU,0
545,0|0|tr|Q83AB3|Q83AB3_COXBU,0
546,0|0|tr|Q83A31|Q83A31_COXBU,0
547,0|0|tr|H7C7D5|H7C7D5_COXBU,0
548,0|0|tr|Q83C62|Q83C62_COXBU,0
549,0|0|tr|A0A0H2UVX2|A0A0H2UVX2_STRP3,0
550,0|0|tr|Q8YE04|Q8YE04_BRUME,0
551,0|0|tr|B1I923|B1I923_STRPI,0
552,0|0|tr|B6JMC5|B6JMC5_HELP2,0
553,0|0|tr|B0BT81|B0BT81_ACTPJ,0
554,0|0|tr|O24906|O24906_HELPY,0
555,0|0|tr|A0A0H3MP78|A0A0H3MP78_MYCLB,0
556,0|0|tr|A0A0B8R8T0|A0A0B8R8T0_LISMN,0
557,0|0|tr|A0A0B8RFK8|A0A0B8RFK8_LISMN,0
558,0|0|tr|C1C725|C1C725_STRP7,0
559,0|0|tr|A3N1K8|A3N1K8_ACTP2,0
560,0|0|tr|V4MTF3|V4MTF3_PASMD,0
561,0|0|tr|V4NCA4|V4NCA4_PASMD,0
562,0|0|tr|V4N726|V4N726_PASMD,0
563,0|0|sp|Q9CKY6|Y1464_PASMU,0
564,0|0|tr|A0A0E9GZ24|A0A0E9GZ24_STREE,0
565,0|0|tr|A0A0E9GUY0|A0A0E9GUY0_STREE,0
566,0|0|tr|A0A0E1RWG3|A0A0E1RWG3_CAMJU,0
567,0|0|tr|A0A0E1RVG3|A0A0E1RVG3_CAMJU,0
568,0|0|tr|O51771|O51771_BORBU,0
569,0|0|sp|O51144|Y117_BORBU,0
570,0|0|tr|Q7NAT6|Q7NAT6_MYCGA,0
571,0|0|sp|P75427|Y351_MYCPN,0
572,0|0|sp|P75399|Y383_MYCPN,0
573,0|0|sp|P75268|ESL3_MYCPN,0
574,0|0|sp|P75087|Y027_MYCPN,0
575,0|0|sp|Q8K9D5|FTSB_BUCAP,0
576,0|1|gi|218561911|ref|YP_002343690.1|,1
577,0|1|gi|218562269|ref|YP_002344048.1|,1
578,0|1|gi|218563069|ref|YP_002344848.1|,1
579,0|1|gi|218563154|ref|YP_002344934.1|,1
580,0|1|gi|57237748|ref|YP_178996.1|,1
581,0|1|gi|23502975|ref|NP_699102.1|,1
582,0|1|gi|161511156|ref|NP_539443.2|,1
583,0|1|gi|17986888|ref|NP_539522.1|,1
584,0|1|gi|161511181|ref|NP_541016.2|,1
585,0|1|gi|17988494|ref|NP_541127.1|,1
586,0|1|gi|17988522|ref|NP_541155.1|,1
587,0|1|gi|17988645|ref|NP_541278.1|,1
588,0|1|gi|52842369|ref|YP_096168.1|,1
589,0|1|gi|53723092|ref|YP_112077.1|,1
590,0|1|gi|53718277|ref|YP_107263.1|,1
591,0|1|gi|117623583|ref|YP_852496.1|,1
592,0|1|gi|117623807|ref|YP_852720.1|,1
593,0|1|gi|26247644|ref|NP_753684.1|,1
594,0|1|gi|15799923|ref|NP_285935.1|,1
595,0|1|gi|15800120|ref|NP_286132.1|,1
596,0|1|gi|15803363|ref|NP_289396.1|,1
597,0|1|gi|15803653|ref|NP_289686.1|,1
598,0|1|gi|15804314|ref|NP_290353.1|,1
599,0|1|gi|15801929|ref|NP_287950.1|,1
600,0|1|gi|15802086|ref|NP_288108.1|,1
601,0|1|gi|15802515|ref|NP_288541.1|,1
602,0|1|gi|15601358|ref|NP_232989.1|,1
603,0|1|gi|15642451|ref|NP_232084.1|,1
604,0|1|gi|15642288|ref|NP_231921.1|,1
605,0|1|gi|15642289|ref|NP_231922.1|,1
606,0|1|gi|15642044|ref|NP_231676.1|,1
607,0|1|gi|15641719|ref|NP_231351.1|,1
608,0|1|gi|15640083|ref|NP_229710.1|,1
609,0|1|gi|15640064|ref|NP_229691.1|,1
610,0|1|gi|15640845|ref|NP_230476.1|,1
611,0|1|gi|15640885|ref|NP_230516.1|,1
612,0|1|gi|15640486|ref|NP_230113.1|,1
613,0|1|gi|15642502|ref|NP_232135.1|,1
614,0|1|gi|15642642|ref|NP_232275.1|,1
615,0|1|gi|15642655|ref|NP_232288.1|,1
616,0|1|gi|32470173|ref|NP_863397.1|,1
617,0|1|gi|16273164|ref|NP_439401.1|,1
618,0|1|gi|16272836|ref|NP_439059.1|,1
619,0|1|gi|16272504|ref|NP_438718.1|,1
620,0|1|gi|38234575|ref|NP_940342.1|,1
621,0|1|gi|38232848|ref|NP_938615.1|,1
622,0|1|gi|33594402|ref|NP_882046.1|,1
623,0|1|gi|33594321|ref|NP_881965.1|,1
624,0|1|gi|33592931|ref|NP_880575.1|,1
625,0|1|gi|51593936|ref|YP_068503.1|,1
626,0|1|gi|123443285|ref|YP_001007259.1|,1
627,0|1|gi|123443287|ref|YP_001007261.1|,1
628,0|1|gi|15594444|ref|NP_212232.1|,1
629,0|1|gi|15594555|ref|NP_212344.1|,1
630,0|1|gi|15594613|ref|NP_212402.1|,1
631,0|1|gi|71402314|ref|XP_804086.1|,1
632,0|1|gi|343407444|gb|AEM23729.1|,1
633,0|1|gi|50400802|sp|O00934.1|MYOA_TOXGO,1
634,0|1|gi|237840093|ref|XP_002369344.1|,1
635,0|1|gi|563627|emb|CAA85377.1|,1
636,0|1|gi|15603087|ref|NP_246159.1|,1
637,0|1|gi|70992013|ref|XP_750855.1|,1
638,0|1|gi|70998032|ref|XP_753748.1|,1
639,0|1|gi|70984154|ref|XP_747596.1|,1
640,0|1|gi|260446899|emb|CBG76053.1|,1
641,0|1|gi|13702164|dbj|BAB43821.1|,1
642,0|1|gi|68487473|ref|XP_712435.1|,1
643,0|1|gi|68487455|ref|XP_712426.1|,1
644,0|1|gi|68470348|ref|XP_720678.1|,1
645,0|1|gi|68476229|ref|XP_717764.1|,1
646,0|1|gi|68481400|ref|XP_715339.1|,1
647,0|1|gi|68476703|ref|XP_717644.1|,1
648,0|1|gi|68477979|ref|XP_716993.1|,1
649,0|1|gi|68473896|ref|XP_719051.1|,1
650,0|1|gi|68469597|ref|XP_721050.1|,1
651,0|1|gi|68481871|ref|XP_715177.1|,1
652,0|1|gi|73622256|sp|Q6FPD4.1|ATG17_CANGA,1
653,0|1|gi|58266214|ref|XP_570263.1|,1
654,0|1|gi|58270488|ref|XP_572400.1|,1
655,0|1|gi|58265606|ref|XP_569959.1|,1
656,0|1|gi|58397459|gb|AAW72937.1|,1
657,0|1|gi|7546976|gb|AAF63734.1|AF230799_1,1
658,0|1|gi|58270514|ref|XP_572413.1|,1
659,0|1|gi|28974309|gb|AAO61669.1|,1
660,0|1|gi|74656036|sp|Q58Z64.1|DHH1_CRYNV,1
661,0|1|gi|48428174|sp|Q9RQG4.2|FSRB_ENTFA,1
662,0|1|gi|29375019|ref|NP_814172.1|,1
663,0|1|gi|29376338|ref|NP_815492.1|,1
664,0|1|gi|31544686|ref|NP_853264.1|,1
665,0|1|gi|206570298|gb|ACI12930.1|,1
666,0|1|gi|269203089|ref|YP_003282358.1|,1
667,0|1|gi|237831731|ref|XP_002365163.1|,1
668,0|1|gi|156501771|ref|YP_001427836.1|,1
669,0|1|gi|9629403|ref|NP_044624.1|,1
670,0|1|gi|1478255|emb|CAA65905.1|,1
671,0|1|gi|66275848|ref|YP_232933.1|,1
672,0|1|gi|66275986|ref|YP_233071.1|,1
673,0|1|gi|137539|sp|P17362.1|C6_VACCW,1
674,0|1|gi|6969701|gb|AAF33913.1|,1
675,0|1|gi|9629828|ref|NP_045312.1|,1
676,0|1|gi|9629393|ref|NP_044614.1|,1
677,0|1|gi|378556086|gb|AFC17871.1|,1
678,0|1|gi|57790936|ref|YP_182340.1|,1
679,0|1|gi|13559812|ref|NP_112024.1|,1
680,0|1|gi|46310180|gb|AAS87364.1|,1
681,0|1|gi|9630842|ref|NP_047439.1|,1
682,0|1|gi|22164625|ref|NP_671536.1|,1
683,0|1|gi|125745114|ref|YP_001033993.1|,1
684,0|1|gi|73852947|ref|YP_308664.1|,1
685,0|1|gi|73852951|ref|YP_308666.1|,1
686,0|1|gi|68488657|ref|XP_711837.1|,1
687,0|1|CR_08510W_A|PGA13,1
688,0|1|gi|68464767|ref|XP_723461.1|,1
689,0|1|gi|237834147|ref|XP_002366371.1|,1
690,0|1|gi|527311405|gb|EPT28036.1|,1
691,0|1|gi|401427037|ref|XP_003878002.1|,1
692,0|1|gi|124513238|ref|XP_001349975.1|,1
693,0|1|gi|183236363|ref|XP_001914429.1|,1
694,0|1|gi|54293683|ref|YP_126098.1|,1
695,0|1|gi|398010638|ref|XP_003858516.1|,1
696,0|1|gi|37538307|sp|Q27003.2|GRA6_TOXGO,1
697,0|1|gi|296280509|gb|ADH04606.1|,1
698,0|1|gi|799324461|ref|XP_012048657.1|,1
699,0|1|gi|799338496|ref|XP_012051688.1|,1
700,0|1|gi|799343669|ref|XP_012052816.1|,1
701,0|1|gi|58268754|ref|XP_571533.1|,1
702,0|1|gi|799346943|ref|XP_012053482.1|,1
703,0|1|gi|799325851|ref|XP_012048907.1|,1
704,0|1|gi|799333617|ref|XP_012050615.1|,1
705,0|1|gi|799320505|ref|XP_012047847.1|,1
706,0|1|gi|799342196|ref|XP_012052462.1|,1
707,0|1|gi|799344608|ref|XP_012052960.1|,1
708,0|1|gi|799325943|ref|XP_012048930.1|,1
709,0|1|gi|799326899|ref|XP_012049160.1|,1
710,0|1|gi|799338232|ref|XP_012051624.1|,1
711,0|1|VFG037232(gb|YP_001847230),1
712,0|1|VFG037400(gb|YP_001847243),1
713,0|1|VFG037573(gb|YP_001847077),1
714,0|1|VFG037625(gb|YP_001847073),1
715,0|1|VFG037692(gb|YP_001847020),1
716,0|1|VFG038176(gb|YP_001847748),1
717,0|1|VFG038300(gb|YP_855109),1
718,0|1|VFG038312(gb|YP_855112),1
719,0|1|VFG038343(gb|YP_001144293),1
720,0|1|VFG038345(gb|YP_001144295),1
721,0|1|VFG038350(gb|YP_001144300),1
722,0|1|VFG038412(gb|YP_855054),1
723,0|1|VFG038475(gb|YP_855233),1
724,0|1|VFG038483(gb|YP_001140601),1
725,0|1|VFG038496(gb|YP_858148),1
726,0|1|VFG038508(gb|YP_856000),1
727,0|1|VFG038520(gb|YP_855997),1
728,0|1|VFG038544(gb|YP_855991),1
729,0|1|VFG038567(gb|YP_854927),1
730,0|1|VFG038618(gb|YP_855202),1
731,0|1|VFG038634(gb|YP_855906),1
732,0|1|VFG038646(gb|YP_855909),1
733,0|1|VFG038650(gb|YP_855910),1
734,0|1|VFG038864(gb|YP_001140285),1
735,0|1|VFG038865(gb|YP_001140286),1
736,0|1|VFG038869(gb|YP_001140290),1
737,0|1|VFG038883(gb|YP_001140307),1
738,0|1|VFG043204(gb|YP_855930),1
739,0|1|VFG038922(gb|YP_504712),1
740,0|1|VFG000678(gb|AAD32426),1
741,0|1|VFG016270(gb|NP_978284),1
742,0|1|VFG016306(gb|YP_016572),1
743,0|1|VFG002231(gb|YP_034051),1
744,0|1|VFG002236(gb|YP_034056),1
745,0|1|VFG002248(gb|YP_034069),1
746,0|1|VFG002255(gb|YP_034258),1
747,0|1|VFG000007(gb|NP_880572),1
748,0|1|VFG000014(gb|NP_882285),1
749,0|1|VFG000020(gb|NP_882291),1
750,0|1|VFG000038(gb|NP_878995),1
751,0|1|VFG000042(gb|NP_880882),1
752,0|1|VFG000054(gb|NP_880894),1
753,0|1|VFG000057(gb|NP_880897),1
754,0|1|VFG000060(gb|NP_880900),1
755,0|1|VFG000067(gb|NP_880907),1
756,0|1|VFG011087(gb|NP_879352),1
757,0|1|VFG002210(gb|NP_541004),1
758,0|1|VFG011404(gb|NP_539750),1
759,0|1|VFG011430(gb|NP_540392),1
760,0|1|VFG011439(gb|NP_540129),1
761,0|1|VFG011444(gb|NP_539915),1
762,0|1|VFG011453(gb|NP_540310),1
763,0|1|VFG011510(gb|NP_539426),1
764,0|1|VFG045465(gb|NP_540591),1
765,0|1|VFG002434(gb|YP_111608),1
766,0|1|VFG002451(gb|YP_111539),1
767,0|1|VFG002462(gb|YP_111550),1
768,0|1|VFG002465(gb|YP_111553),1
769,0|1|VFG002468(gb|YP_111556),1
770,0|1|VFG002473(gb|YP_111522),1
771,0|1|VFG002482(gb|YP_111511),1
772,0|1|VFG002485(gb|YP_111514),1
773,0|1|VFG002489(gb|YP_111518),1
774,0|1|VFG002503(gb|YP_106859),1
775,0|1|VFG002515(gb|YP_106904),1
776,0|1|VFG002528(gb|YP_109899),1
777,0|1|VFG002529(gb|YP_109900),1
778,0|1|VFG002531(gb|YP_109902),1
779,0|1|VFG002543(gb|YP_110332),1
780,0|1|VFG002549(gb|YP_109385),1
781,0|1|VFG002550(gb|YP_109386),1
782,0|1|VFG002557(gb|YP_109393),1
783,0|1|VFG045467(gb|YP_107884),1
784,0|1|VFG001899(gb|NP_281511),1
785,0|1|VFG001908(gb|NP_281731),1
786,0|1|VFG001929(gb|NP_282802),1
787,0|1|VFG001959(gb|NP_282572),1
788,0|1|VFG001974(gb|NP_282587),1
789,0|1|VFG001976(gb|YP_980060),1
790,0|1|VFG001978(gb|YP_980062),1
791,0|1|VFG001979(gb|NP_863302),1
792,0|1|VFG002134(gb|NP_220091),1
793,0|1|VFG002140(gb|NP_220184),1
794,0|1|VFG002141(gb|NP_220185),1
795,0|1|VFG016998(gb|NP_220368),1
796,0|1|VFG002276(gb|NP_561089),1
797,0|1|VFG002278(gb|NP_561797),1
798,0|1|VFG002284(gb|NP_561469),1
799,0|1|VFG002202(gb|NP_938626),1
800,0|1|VFG013682(gb|NP_940531),1
801,0|1|VFG039101(gb|NP_819363),1
802,0|1|VFG039171(gb|YP_002333017),1
803,0|1|VFG039186(gb|NP_820625),1
804,0|1|VFG039236(gb|NP_819115),1
805,0|1|VFG039274(gb|NP_819247),1
806,0|1|VFG039311(gb|NP_819427),1
807,0|1|VFG039345(gb|NP_819620),1
808,0|1|VFG039356(gb|NP_819665),1
809,0|1|VFG039413(gb|YP_001424395),1
810,0|1|VFG039430(gb|NP_820078),1
811,0|1|VFG039464(gb|NP_820359),1
812,0|1|VFG039481(gb|NP_820393),1
813,0|1|VFG039496(gb|NP_820440),1
814,0|1|VFG039501(gb|NP_820443),1
815,0|1|VFG039575(gb|NP_820658),1
816,0|1|VFG039580(gb|NP_820659),1
817,0|1|VFG039585(gb|NP_820667),1
818,0|1|VFG039615(gb|NP_820749),1
819,0|1|VFG039641(gb|NP_820802),1
820,0|1|VFG039696(gb|NP_821048),1
821,0|1|VFG039700(gb|NP_819024),1
822,0|1|VFG041428(gb|YP_001425341.2),1
823,0|1|VFG046167(gb|YP_002305089.1),1
824,0|1|VFG046206(gb|NP_820798.1),1
825,0|1|VFG002176(gb|AAM75252),1
826,0|1|VFG002184(gb|NP_816135),1
827,0|1|VFG002185(gb|NP_816136),1
828,0|1|VFG002186(gb|NP_816137),1
829,0|1|VFG002191(gb|NP_815515),1
830,0|1|VFG042978(gb|NP_814823),1
831,0|1|VFG045473(gb|AAM75250),1
832,0|1|VFG000743(gb|AAC38395),1
833,0|1|VFG000750(gb|YP_002332158),1
834,0|1|VFG000796(gb|NP_290252),1
835,0|1|VFG000804(gb|NP_290260),1
836,0|1|VFG000816(gb|NP_290272),1
837,0|1|VFG000820(gb|NP_290276),1
838,0|1|VFG000830(gb|NP_290286),1
839,0|1|VFG000846(gb|YP_325591),1
840,0|1|VFG000873(gb|NP_757241),1
841,0|1|VFG000883(gb|NP_755466),1
842,0|1|VFG000905(gb|NP_755444),1
843,0|1|VFG001436(gb|BAB62897),1
844,0|1|VFG001534(gb|AAD49229),1
845,0|1|VFG002414(gb|NP_286010),1
846,0|1|VFG012327(gb|YP_540122),1
847,0|1|VFG012505(gb|NP_753166),1
848,0|1|VFG034754(gb|NP_288154),1
849,0|1|VFG034849(gb|NP_285716),1
850,0|1|VFG034966(gb|NP_287958),1
851,0|1|VFG042218(gb|AAN07916),1
852,0|1|VFG042389(gb|YP_540131),1
853,0|1|VFG042509(gb|AAS89779),1
854,0|1|VFG042554(gb|YP_002295987),1
855,0|1|VFG000331(gb|NP_439675),1
856,0|1|VFG000334(gb|NP_438494),1
857,0|1|VFG001147(gb|CAA83903),1
858,0|1|VFG001149(gb|AAB03707),1
859,0|1|VFG001157(gb|AAC44560),1
860,0|1|VFG013242(gb|NP_438232),1
861,0|1|VFG013281(gb|NP_438444),1
862,0|1|VFG013321(gb|NP_438894),1
863,0|1|VFG013327(gb|NP_438900),1
864,0|1|VFG013361(gb|NP_439032),1
865,0|1|VFG013400(gb|NP_439262),1
866,0|1|VFG013496(gb|NP_439840),1
867,0|1|VFG000274(gb|NP_206868),1
868,0|1|VFG000280(gb|NP_207317),1
869,0|1|VFG000293(gb|NP_207330),1
870,0|1|VFG000296(gb|NP_207333),1
871,0|1|VFG000297(gb|NP_207334),1
872,0|1|VFG000303(gb|NP_207340),1
873,0|1|VFG000323(gb|NP_207661),1
874,0|1|VFG006548(gb|NP_207123),1
875,0|1|VFG006612(gb|NP_207545),1
876,0|1|VFG006617(gb|NP_207546),1
877,0|1|VFG006677(gb|NP_208268),1
878,0|1|VFG043366(gb|NP_206899),1
879,0|1|VFG043368(gb|NP_207042),1
880,0|1|VFG044325(gb|YP_002920245),1
881,0|1|VFG048317(gb|YP_002921144.1),1
882,0|1|VFG048327(gb|YP_002921121.1),1
883,0|1|VFG048348(gb|YP_002921123.1),1
884,0|1|VFG048841(gb|YP_002920354.1),1
885,0|1|VFG048863(gb|YP_002920356.1),1
886,0|1|VFG048940(gb|YP_002920363.1),1
887,0|1|VFG049062(gb|YP_002920345.1),1
888,0|1|VFG049148(gb|YP_006635474.1),1
889,0|1|VFG001832(gb|YP_094487),1
890,0|1|VFG001846(gb|YP_094503),1
891,0|1|VFG001849(gb|YP_096681),1
892,0|1|VFG001858(gb|YP_096663),1
893,0|1|VFG001863(gb|YP_094729),1
894,0|1|VFG001872(gb|YP_095390),1
895,0|1|VFG001878(gb|YP_095894),1
896,0|1|VFG001880(gb|YP_095551),1
897,0|1|VFG001990(gb|YP_094942),1
898,0|1|VFG002098(gb|YP_096789),1
899,0|1|VFG010682(gb|YP_094329),1
900,0|1|VFG010745(gb|YP_094420),1
901,0|1|VFG010759(gb|YP_096418),1
902,0|1|VFG010874(gb|YP_094894),1
903,0|1|VFG041230(gb|YP_094067),1
904,0|1|VFG041237(gb|YP_094180),1
905,0|1|VFG041239(gb|YP_094245),1
906,0|1|VFG041247(gb|YP_094409),1
907,0|1|VFG041251(gb|YP_094481),1
908,0|1|VFG041253(gb|YP_094527),1
909,0|1|VFG041265(gb|YP_095154),1
910,0|1|VFG041277(gb|YP_095358),1
911,0|1|VFG041286(gb|YP_095648),1
912,0|1|VFG041288(gb|YP_095687),1
913,0|1|VFG041297(gb|YP_095949),1
914,0|1|VFG041298(gb|YP_095963),1
915,0|1|VFG041305(gb|YP_095979),1
916,0|1|VFG041307(gb|YP_095981),1
917,0|1|VFG041308(gb|YP_095982),1
918,0|1|VFG041310(gb|YP_095988),1
919,0|1|VFG041314(gb|YP_096157),1
920,0|1|VFG041318(gb|YP_096188),1
921,0|1|VFG041323(gb|YP_096260),1
922,0|1|VFG041332(gb|YP_096417),1
923,0|1|VFG041337(gb|YP_096463),1
924,0|1|VFG041344(gb|YP_096563),1
925,0|1|VFG041347(gb|YP_096799),1
926,0|1|VFG042863(gb|YP_094666),1
927,0|1|VFG042869(gb|YP_095575),1
928,0|1|VFG043321(gb|YP_094941),1
929,0|1|VFG045330(gb|YP_095353),1
930,0|1|VFG045492(gb|YP_094419),1
931,0|1|VFG045494(gb|YP_094449),1
932,0|1|VFG045508(gb|YP_095141),1
933,0|1|VFG045512(gb|YP_095162),1
934,0|1|VFG045536(gb|YP_095711),1
935,0|1|VFG045540(gb|YP_095743),1
936,0|1|VFG045554(gb|YP_096144),1
937,0|1|VFG045555(gb|YP_096160),1
938,0|1|VFG045560(gb|YP_096235),1
939,0|1|VFG045564(gb|YP_096353),1
940,0|1|VFG045574(gb|YP_096442),1
941,0|1|VFG045581(gb|YP_096545),1
942,0|1|VFG045586(gb|YP_096562),1
943,0|1|VFG045590(gb|YP_096633),1
944,0|1|VFG045595(gb|YP_096724),1
945,0|1|VFG045596(gb|YP_096748),1
946,0|1|VFG045598(gb|YP_096823),1
947,0|1|VFG045602(gb|YP_096873),1
948,0|1|VFG006717(gb|NP_465159),1
949,0|1|VFG032845(gb|NP_466072),1
950,0|1|VFG045331(gb|AHK25016),1
951,0|1|VFG045335(gb|AHK25020),1
952,0|1|VFG002378(gb|YP_178023),1
953,0|1|VFG002389(gb|NP_218396),1
954,0|1|VFG002390(gb|NP_218399),1
955,0|1|VFG002396(gb|NP_216299),1
956,0|1|VFG009553(gb|YP_177876),1
957,0|1|VFG022051(gb|NP_214798),1
958,0|1|VFG022114(gb|NP_214803),1
959,0|1|VFG022130(gb|NP_214804),1
960,0|1|VFG002034(gb|NP_110140),1
961,0|1|VFG002035(gb|NP_110135),1
962,0|1|VFG016472(gb|YP_116003),1
963,0|1|VFG000240(gb|NP_274087),1
964,0|1|VFG000256(gb|NP_273136),1
965,0|1|VFG000265(gb|NP_274548),1
966,0|1|VFG000267(gb|NP_283298),1
967,0|1|VFG037153(gb|NP_273705),1
968,0|1|VFG000129(gb|NP_252237),1
969,0|1|VFG000145(gb|NP_250562),1
970,0|1|VFG000165(gb|NP_252915),1
971,0|1|VFG000207(gb|NP_250403),1
972,0|1|VFG001208(gb|NP_253242),1
973,0|1|VFG001211(gb|NP_253245),1
974,0|1|VFG002067(gb|NP_248771),1
975,0|1|VFG002071(gb|NP_248775),1
976,0|1|VFG002072(gb|NP_248776),1
977,0|1|VFG015503(gb|NP_252899),1
978,0|1|VFG015509(gb|NP_252901),1
979,0|1|VFG015551(gb|NP_248741),1
980,0|1|VFG016041(gb|NP_251092),1
981,0|1|VFG041011(gb|NP_248785),1
982,0|1|VFG044080(gb|NP_250945),1
983,0|1|VFG000427(gb|NP_458734),1
984,0|1|VFG000430(gb|NP_458739),1
985,0|1|VFG000501(gb|NP_460365),1
986,0|1|VFG000505(gb|NP_460369),1
987,0|1|VFG000510(gb|NP_460374),1
988,0|1|VFG000518(gb|NP_460383),1
989,0|1|VFG000529(gb|NP_461786),1
990,0|1|VFG000554(gb|NP_461814),1
991,0|1|VFG002305(gb|NP_461448),1
992,0|1|VFG003982(gb|NP_461081),1
993,0|1|VFG003997(gb|NP_461706),1
994,0|1|VFG004165(gb|NP_459030),1
995,0|1|VFG042066(gb|NP_460656),1
996,0|1|VFG000671(gb|NP_706259),1
997,0|1|VFG001010(gb|NP_858284),1
998,0|1|VFG002046(gb|YP_404599),1
999,0|1|VFG002053(gb|YP_404606),1
1000,0|1|VFG001288(gb|NP_647406),1
1001,0|1|VFG001291(gb|NP_647429),1
1002,0|1|VFG001304(gb|NP_644946),1
1003,0|1|VFG001308(gb|NP_644950),1
1004,0|1|VFG001312(gb|NP_644954),1
1005,0|1|VFG002419(gb|NP_645021),1
1006,0|1|VFG000956(gb|NP_607775),1
1007,0|1|VFG000960(gb|NP_269464),1
1008,0|1|VFG001337(gb|NP_688169),1
1009,0|1|VFG001343(gb|NP_688175),1
1010,0|1|VFG001353(gb|NP_344916),1
1011,0|1|VFG001354(gb|NP_345414),1
1012,0|1|VFG001360(gb|NP_346126),1
1013,0|1|VFG001370(gb|NP_344884),1
1014,0|1|VFG005233(gb|YP_281471),1
1015,0|1|VFG005316(gb|NP_359586),1
1016,0|1|VFG005776(gb|NP_687685),1
1017,0|1|VFG005791(gb|NP_687690),1
1018,0|1|VFG000093(gb|NP_230478),1
1019,0|1|VFG000100(gb|NP_230485),1
1020,0|1|VFG000106(gb|NP_230493),1
1021,0|1|VFG000109(gb|NP_231101),1
1022,0|1|VFG002078(gb|NP_232511),1
1023,0|1|VFG002086(gb|NP_232519),1
1024,0|1|VFG002090(gb|NP_232523),1
1025,0|1|VFG007023(gb|NP_231091),1
1026,0|1|VFG007035(gb|NP_799736),1
1027,0|1|VFG007038(gb|NP_232618),1
1028,0|1|VFG007149(gb|NP_798038),1
1029,0|1|VFG007157(gb|NP_798046),1
1030,0|1|VFG007177(gb|NP_798078),1
1031,0|1|VFG007179(gb|NP_798080),1
1032,0|1|VFG018681(gb|NP_800831),1
1033,0|1|VFG041910(gb|NP_800863),1
1034,0|1|VFG041912(gb|NP_798060),1
1035,0|1|VFG000350(gb|YP_002346327),1
1036,0|1|VFG000351(gb|NP_404898),1
1037,0|1|VFG000375(gb|NP_395155),1
1038,0|1|VFG000380(gb|NP_395164),1
1039,0|1|VFG000392(gb|NP_395176),1
1040,0|1|VFG002309(gb|YP_001007667),1
1041,0|1|VFG002320(gb|YP_001006727),1
1042,0|1|VFG002330(gb|YP_001006743),1
1043,0|1|VFG002359(gb|YP_001006784),1
1044,0|1|VFG043212(gb|YP_001006781),1
1045,0|1|PATRIC_VF|Rv1539,1
1046,0|1|PATRIC_VF|Lmon1_020100010133,1
1047,0|1|PATRIC_VF|Rv0199,1
1048,0|1|PATRIC_VF|lmo1429,1
1049,0|1|PATRIC_VF|Rv1290c,1
1050,0|1|PATRIC_VF|STM474_0313,1
1051,0|1|PATRIC_VF|E2348_P1_007,1
1052,0|1|PATRIC_VF|Rv3823c,1
1053,0|1|PATRIC_VF|Rv1028c,1
1054,0|1|PATRIC_VF|SL1344_4027,1
1055,0|1|PATRIC_VF|Rv1514c,1
1056,0|1|PATRIC_VF|c0468,1
1057,0|1|PATRIC_VF|Rv3876,1
1058,0|1|PATRIC_VF|STM474_0039,1
1059,0|1|PATRIC_VF|c2338,1
1060,0|1|PATRIC_VF|Rv2707,1
1061,0|1|PATRIC_VF|ETEC_4439,1
1062,0|1|PATRIC_VF|Rv0990c,1
1063,0|1|PATRIC_VF|Z3022,1
1064,0|1|PATRIC_VF|STM3453,1
1065,0|1|PATRIC_VF|STM474_0605,1
1066,0|1|PATRIC_VF|Rv2192c,1
1067,0|1|PATRIC_VF|Rv2277c,1
1068,0|1|PATRIC_VF|SL1344_4255,1
1069,0|1|PATRIC_VF|Rv1411c,1
1070,0|1|PATRIC_VF|Rv3252c,1
1071,0|1|PATRIC_VF|Rv3111,1
1072,0|1|PATRIC_VF|Rv0342,1
1073,0|1|PATRIC_VF|MT2129,1
1074,0|1|PATRIC_VF|E2348_P1_022,1
1075,0|1|PATRIC_VF|Sd1012_3335,1
1076,0|1|PATRIC_VF|Rv2502c,1
1077,0|1|PATRIC_VF|Rv3655c,1
1078,0|1|PATRIC_VF|LmonL_020200006576,1
1079,0|1|PATRIC_VF|Rv3537,1
1080,0|1|PATRIC_VF|Rv3375,1
1081,0|1|PATRIC_VF|Rv0414c,1
1082,0|1|PATRIC_VF|MMAR_5053,1
1083,0|1|PATRIC_VF|Rv0355c,1
1084,0|1|PATRIC_VF|STM3719,1
1085,0|1|PATRIC_VF|STM474_2905,1
1086,0|1|PATRIC_VF|Rv0099,1
1087,0|1|PATRIC_VF|lmo1072,1
1088,0|1|PATRIC_VF|Rv2437,1
1089,0|1|PATRIC_VF|Rv3824c,1
1090,0|1|PATRIC_VF|Rv1590,1
1091,0|1|PATRIC_VF|MT3320,1
1092,0|1|PATRIC_VF|Rv3544c,1
1093,0|1|PATRIC_VF|Rv0949,1
1094,0|1|PATRIC_VF|SL1344_0513,1
1095,0|1|PATRIC_VF|APECO1_O1CoBM27,1
1096,0|1|PATRIC_VF|Rv2450c,1
1097,0|1|PATRIC_VF|Rv2387,1
1098,0|1|PATRIC_VF|STM474_1890,1
1099,0|1|PATRIC_VF|SL1344_2112,1
1100,0|1|PATRIC_VF|STM3501,1
1101,0|1|PATRIC_VF|Rv3568c,1
1102,0|1|PATRIC_VF|Z4887,1
1103,0|1|PATRIC_VF|Rv1099c,1
1104,0|1|PATRIC_VF|Rv2032,1
1105,0|1|PATRIC_VF|Rv3085,1
1106,0|1|PATRIC_VF|Rv2962c,1
1107,0|1|PATRIC_VF|Rv2866,1
1108,0|1|PATRIC_VF|Rv1357c,1
1109,0|1|PATRIC_VF|SL1344_1034,1
1110,0|1|PATRIC_VF|MT2594,1
1111,0|1|PATRIC_VF|Rv0500,1
1112,0|1|PATRIC_VF|STM474_2679,1
1113,0|1|PATRIC_VF|MAP3738c,1
1114,0|1|PATRIC_VF|MT2245,1
1115,0|1|PATRIC_VF|Rv3310,1
1116,0|1|PATRIC_VF|BWG_0836,1
1117,0|1|PATRIC_VF|Rv3082c,1
1118,0|1|PATRIC_VF|ERDMAN_0177,1
1119,0|1|PATRIC_VF|Rv0566c,1
1120,0|1|PATRIC_VF|STM474_0645,1
1121,0|1|PATRIC_VF|lmo2673,1
1122,0|1|PATRIC_VF|STM474_3621,1
1123,0|1|PATRIC_VF|SFxv_4895,1
1124,0|1|PATRIC_VF|Rv0216,1
1125,0|1|PATRIC_VF|SL1344_1520,1
1126,0|1|PATRIC_VF|VBILisMon5687_0963,1
1127,0|1|PATRIC_VF|SL1344_2076,1
1128,0|1|PATRIC_VF|Lmon1_020100011025,1
1129,0|1|PATRIC_VF|lmo1683,1
1130,0|1|PATRIC_VF|S2725,1
1131,0|1|PATRIC_VF|Rv0326,1
1132,0|1|PATRIC_VF|Rv1002c,1
1133,0|1|PATRIC_VF|SL1344_3908,1
1134,0|1|PATRIC_VF|MT0269,1
1135,0|1|PATRIC_VF|lmo1695,1
1136,0|1|PATRIC_VF|SL1344_3217,1
1137,0|1|PATRIC_VF|STM474_2178,1
1138,0|1|PATRIC_VF|lmo1831,1
1139,0|1|PATRIC_VF|SL1344_3673,1
1140,0|1|PATRIC_VF|Rv1696,1
1141,0|1|PATRIC_VF|STM474_1664,1
1142,0|1|PATRIC_VF|Rv2553c,1
1143,0|1|PATRIC_VF|lmo0584,1
1144,0|1|PATRIC_VF|Lmon1_020100009188,1
1145,0|1|PATRIC_VF|Rv1747,1
1146,0|1|PATRIC_VF|Rv2945c,1
1147,0|1|PATRIC_VF|Rv0126,1
1148,0|1|PATRIC_VF|Rv2939,1
1149,0|1|PATRIC_VF|Rv2483c,1
1150,0|1|PATRIC_VF|Rv0847,1
1151,0|1|PATRIC_VF|ERDMAN_0719,1
